,0,1,2,3,4,5,6,7,8,9,10,11,12,13,14,15
0,98.0,30.83,0.0,117.0,103.0,119.0,118.0,1.25,116.0,116.0,1.0,102.0,103.0,202.0,0.0,1.0
1,97.0,58.67,4.46,117.0,103.0,113.0,104.0,3.04,116.0,116.0,6.0,102.0,103.0,43.0,560.0,1.0
2,97.0,24.5,0.5,117.0,103.0,113.0,104.0,1.5,116.0,102.0,0.0,102.0,103.0,280.0,824.0,1.0
3,98.0,27.83,1.54,117.0,103.0,119.0,118.0,3.75,116.0,116.0,5.0,116.0,103.0,100.0,3.0,1.0
4,98.0,20.17,5.625,117.0,103.0,119.0,118.0,1.71,116.0,102.0,0.0,102.0,115.0,120.0,0.0,1.0
5,98.0,32.08,4.0,117.0,103.0,109.0,118.0,2.5,116.0,102.0,0.0,116.0,103.0,360.0,0.0,1.0
6,98.0,33.17,1.04,117.0,103.0,114.0,104.0,6.5,116.0,102.0,0.0,116.0,103.0,164.0,31285.0,1.0
7,97.0,22.92,11.585,117.0,103.0,198.0,118.0,0.04,116.0,102.0,0.0,102.0,103.0,80.0,1349.0,1.0
8,98.0,54.42,0.5,121.0,112.0,107.0,104.0,3.96,116.0,102.0,0.0,102.0,103.0,180.0,314.0,1.0
9,98.0,42.5,4.915,121.0,112.0,119.0,118.0,3.165,116.0,102.0,0.0,116.0,103.0,52.0,1442.0,1.0
10,98.0,22.08,0.83,117.0,103.0,99.0,104.0,2.165,102.0,102.0,0.0,116.0,103.0,128.0,0.0,1.0
11,98.0,29.92,1.835,117.0,103.0,99.0,104.0,4.335,116.0,102.0,0.0,102.0,103.0,260.0,200.0,1.0
12,97.0,38.25,6.0,117.0,103.0,107.0,118.0,1.0,116.0,102.0,0.0,116.0,103.0,0.0,0.0,1.0
13,98.0,48.08,6.04,117.0,103.0,107.0,118.0,0.04,102.0,102.0,0.0,102.0,103.0,0.0,2690.0,1.0
14,97.0,45.83,10.5,117.0,103.0,113.0,118.0,5.0,116.0,116.0,7.0,116.0,103.0,0.0,0.0,1.0
15,98.0,36.67,4.415,121.0,112.0,107.0,118.0,0.25,116.0,116.0,10.0,116.0,103.0,320.0,0.0,1.0
16,98.0,28.25,0.875,117.0,103.0,109.0,118.0,0.96,116.0,116.0,3.0,116.0,103.0,396.0,0.0,1.0
17,97.0,23.25,5.875,117.0,103.0,113.0,118.0,3.17,116.0,116.0,10.0,102.0,103.0,120.0,245.0,1.0
18,98.0,21.83,0.25,117.0,103.0,100.0,104.0,0.665,116.0,102.0,0.0,116.0,103.0,0.0,0.0,1.0
19,97.0,19.17,8.585,117.0,103.0,198.0,104.0,0.75,116.0,116.0,7.0,102.0,103.0,96.0,0.0,1.0
20,98.0,25.0,11.25,117.0,103.0,99.0,118.0,2.5,116.0,116.0,17.0,102.0,103.0,200.0,1208.0,1.0
21,98.0,23.25,1.0,117.0,103.0,99.0,118.0,0.835,116.0,102.0,0.0,102.0,115.0,300.0,0.0,1.0
22,97.0,47.75,8.0,117.0,103.0,99.0,118.0,7.875,116.0,116.0,6.0,116.0,103.0,0.0,1260.0,1.0
23,97.0,27.42,14.5,117.0,103.0,120.0,104.0,3.085,116.0,116.0,1.0,102.0,103.0,120.0,11.0,1.0
24,97.0,41.17,6.5,117.0,103.0,113.0,118.0,0.5,116.0,116.0,3.0,116.0,103.0,145.0,0.0,1.0
25,97.0,15.83,0.585,117.0,103.0,99.0,104.0,1.5,116.0,116.0,2.0,102.0,103.0,100.0,0.0,1.0
26,97.0,47.0,13.0,117.0,103.0,105.0,196.0,5.165,116.0,116.0,9.0,116.0,103.0,0.0,0.0,1.0
27,98.0,56.58,18.5,117.0,103.0,100.0,196.0,15.0,116.0,116.0,17.0,116.0,103.0,0.0,0.0,1.0
28,98.0,57.42,8.5,117.0,103.0,101.0,104.0,7.0,116.0,116.0,3.0,102.0,103.0,0.0,0.0,1.0
29,98.0,42.08,1.04,117.0,103.0,119.0,118.0,5.0,116.0,116.0,6.0,116.0,103.0,500.0,10000.0,1.0
30,98.0,29.25,14.79,117.0,103.0,194.0,118.0,5.04,116.0,116.0,5.0,116.0,103.0,168.0,0.0,1.0
31,98.0,42.0,9.79,117.0,103.0,120.0,104.0,7.96,116.0,116.0,8.0,102.0,103.0,0.0,0.0,1.0
32,98.0,49.5,7.585,117.0,103.0,105.0,196.0,7.585,116.0,116.0,15.0,116.0,103.0,0.0,5000.0,1.0
33,97.0,36.75,5.125,117.0,103.0,101.0,118.0,5.0,116.0,102.0,0.0,116.0,103.0,0.0,4000.0,1.0
34,97.0,22.58,10.75,117.0,103.0,113.0,118.0,0.415,116.0,116.0,5.0,116.0,103.0,0.0,560.0,1.0
35,98.0,27.83,1.5,117.0,103.0,119.0,118.0,2.0,116.0,116.0,11.0,116.0,103.0,434.0,35.0,1.0
36,98.0,27.25,1.585,117.0,103.0,198.0,104.0,1.835,116.0,116.0,12.0,116.0,103.0,583.0,713.0,1.0
37,97.0,23.0,11.75,117.0,103.0,120.0,104.0,0.5,116.0,116.0,2.0,116.0,103.0,300.0,551.0,1.0
38,98.0,27.75,0.585,121.0,112.0,198.0,118.0,0.25,116.0,116.0,2.0,102.0,103.0,260.0,500.0,1.0
39,98.0,54.58,9.415,117.0,103.0,204.0,204.0,14.415,116.0,116.0,11.0,116.0,103.0,30.0,300.0,1.0
40,98.0,34.17,9.17,117.0,103.0,99.0,118.0,4.5,116.0,116.0,12.0,116.0,103.0,0.0,221.0,1.0
41,98.0,28.92,15.0,117.0,103.0,99.0,104.0,5.335,116.0,116.0,11.0,102.0,103.0,0.0,2283.0,1.0
42,98.0,29.67,1.415,117.0,103.0,119.0,104.0,0.75,116.0,116.0,1.0,102.0,103.0,240.0,100.0,1.0
43,98.0,39.58,13.915,117.0,103.0,119.0,118.0,8.625,116.0,116.0,6.0,116.0,103.0,70.0,0.0,1.0
44,98.0,56.42,28.0,121.0,112.0,99.0,118.0,28.5,116.0,116.0,40.0,102.0,103.0,0.0,15.0,1.0
45,98.0,54.33,6.75,117.0,103.0,99.0,104.0,2.625,116.0,116.0,11.0,116.0,103.0,0.0,284.0,1.0
46,97.0,41.0,2.04,121.0,112.0,113.0,104.0,0.125,116.0,116.0,23.0,116.0,103.0,455.0,1236.0,1.0
47,98.0,31.92,4.46,117.0,103.0,198.0,104.0,6.04,116.0,116.0,3.0,102.0,103.0,311.0,300.0,1.0
48,98.0,41.5,1.54,117.0,103.0,105.0,196.0,3.5,102.0,102.0,0.0,102.0,103.0,216.0,0.0,1.0
49,98.0,23.92,0.665,117.0,103.0,99.0,118.0,0.165,102.0,102.0,0.0,102.0,103.0,100.0,0.0,1.0
50,97.0,25.75,0.5,117.0,103.0,99.0,104.0,0.875,116.0,102.0,0.0,116.0,103.0,491.0,0.0,1.0
51,98.0,26.0,1.0,117.0,103.0,113.0,118.0,1.75,116.0,102.0,0.0,116.0,103.0,280.0,0.0,1.0
52,98.0,37.42,2.04,117.0,103.0,119.0,118.0,0.04,116.0,102.0,0.0,116.0,103.0,400.0,5800.0,1.0
53,98.0,34.92,2.5,117.0,103.0,119.0,118.0,0.0,116.0,102.0,0.0,116.0,103.0,239.0,200.0,1.0
54,98.0,34.25,3.0,117.0,103.0,198.0,104.0,7.415,116.0,102.0,0.0,116.0,103.0,0.0,0.0,1.0
55,98.0,23.33,11.625,121.0,112.0,119.0,118.0,0.835,116.0,102.0,0.0,116.0,103.0,160.0,300.0,1.0
56,98.0,23.17,0.0,117.0,103.0,198.0,118.0,0.085,116.0,102.0,0.0,102.0,103.0,0.0,0.0,1.0
57,98.0,44.33,0.5,117.0,103.0,105.0,104.0,5.0,116.0,102.0,0.0,116.0,103.0,320.0,0.0,1.0
58,98.0,35.17,4.5,117.0,103.0,120.0,104.0,5.75,102.0,102.0,0.0,116.0,115.0,711.0,0.0,1.0
59,98.0,43.25,3.0,117.0,103.0,113.0,104.0,6.0,116.0,116.0,11.0,102.0,103.0,80.0,0.0,1.0
60,98.0,56.75,12.25,117.0,103.0,109.0,118.0,1.25,116.0,116.0,4.0,116.0,103.0,200.0,0.0,1.0
61,98.0,31.67,16.165,117.0,103.0,100.0,118.0,3.0,116.0,116.0,9.0,102.0,103.0,250.0,730.0,1.0
62,97.0,23.42,0.79,121.0,112.0,113.0,118.0,1.5,116.0,116.0,2.0,116.0,103.0,80.0,400.0,1.0
63,97.0,20.42,0.835,117.0,103.0,113.0,118.0,1.585,116.0,116.0,1.0,102.0,103.0,0.0,0.0,1.0
64,98.0,26.67,4.25,117.0,103.0,198.0,118.0,4.29,116.0,116.0,1.0,116.0,103.0,120.0,0.0,1.0
65,98.0,34.17,1.54,117.0,103.0,198.0,118.0,1.54,116.0,116.0,1.0,116.0,103.0,520.0,50000.0,1.0
66,97.0,36.0,1.0,117.0,103.0,99.0,118.0,2.0,116.0,116.0,11.0,102.0,103.0,0.0,456.0,1.0
67,98.0,25.5,0.375,117.0,103.0,109.0,118.0,0.25,116.0,116.0,3.0,102.0,103.0,260.0,15108.0,1.0
68,98.0,19.42,6.5,117.0,103.0,119.0,104.0,1.46,116.0,116.0,7.0,102.0,103.0,80.0,2954.0,1.0
69,98.0,35.17,25.125,117.0,103.0,120.0,104.0,1.625,116.0,116.0,1.0,116.0,103.0,515.0,500.0,1.0
70,98.0,32.33,7.5,117.0,103.0,101.0,196.0,1.585,116.0,102.0,0.0,116.0,115.0,420.0,0.0,0.0
71,98.0,34.83,4.0,117.0,103.0,100.0,196.0,12.5,116.0,102.0,0.0,116.0,103.0,-99999.0,0.0,0.0
72,97.0,38.58,5.0,117.0,103.0,198.0,118.0,13.5,116.0,102.0,0.0,116.0,103.0,980.0,0.0,0.0
73,98.0,44.25,0.5,117.0,103.0,109.0,118.0,10.75,116.0,102.0,0.0,102.0,115.0,400.0,0.0,0.0
74,98.0,44.83,7.0,121.0,112.0,99.0,118.0,1.625,102.0,102.0,0.0,102.0,103.0,160.0,2.0,0.0
75,98.0,20.67,5.29,117.0,103.0,113.0,118.0,0.375,116.0,116.0,1.0,102.0,103.0,160.0,0.0,0.0
76,98.0,34.08,6.5,117.0,103.0,194.0,118.0,0.125,116.0,102.0,0.0,116.0,103.0,443.0,0.0,0.0
77,97.0,19.17,0.585,121.0,112.0,194.0,118.0,0.585,116.0,102.0,0.0,116.0,103.0,160.0,0.0,0.0
78,98.0,21.67,1.165,121.0,112.0,107.0,118.0,2.5,116.0,116.0,1.0,102.0,103.0,180.0,20.0,0.0
79,98.0,21.5,9.75,117.0,103.0,99.0,118.0,0.25,116.0,102.0,0.0,102.0,103.0,140.0,0.0,0.0
80,98.0,49.58,19.0,117.0,103.0,204.0,204.0,0.0,116.0,116.0,1.0,102.0,103.0,94.0,0.0,0.0
81,97.0,27.67,1.5,117.0,103.0,109.0,118.0,2.0,116.0,102.0,0.0,102.0,115.0,368.0,0.0,0.0
82,98.0,39.83,0.5,117.0,103.0,109.0,118.0,0.25,116.0,102.0,0.0,102.0,115.0,288.0,0.0,0.0
83,97.0,-99999.0,3.5,117.0,103.0,100.0,118.0,3.0,116.0,102.0,0.0,116.0,103.0,300.0,0.0,0.0
84,98.0,27.25,0.625,117.0,103.0,194.0,118.0,0.455,116.0,102.0,0.0,116.0,103.0,200.0,0.0,0.0
85,98.0,37.17,4.0,117.0,103.0,99.0,196.0,5.0,116.0,102.0,0.0,116.0,115.0,280.0,0.0,0.0
86,98.0,-99999.0,0.375,117.0,103.0,100.0,118.0,0.875,116.0,102.0,0.0,116.0,115.0,928.0,0.0,0.0
87,98.0,25.67,2.21,121.0,112.0,194.0,118.0,4.0,116.0,102.0,0.0,102.0,103.0,188.0,0.0,0.0
88,98.0,34.0,4.5,117.0,103.0,194.0,118.0,1.0,116.0,102.0,0.0,116.0,103.0,240.0,0.0,0.0
89,97.0,49.0,1.5,117.0,103.0,106.0,106.0,0.0,116.0,102.0,0.0,116.0,103.0,100.0,27.0,0.0
90,98.0,62.5,12.75,121.0,112.0,99.0,104.0,5.0,116.0,102.0,0.0,102.0,103.0,112.0,0.0,0.0
91,98.0,31.42,15.5,117.0,103.0,99.0,118.0,0.5,116.0,102.0,0.0,102.0,103.0,120.0,0.0,0.0
92,98.0,-99999.0,5.0,121.0,112.0,194.0,118.0,8.5,116.0,102.0,0.0,102.0,103.0,0.0,0.0,0.0
93,98.0,52.33,1.375,121.0,112.0,99.0,104.0,9.46,116.0,102.0,0.0,116.0,103.0,200.0,100.0,0.0
94,98.0,28.75,1.5,121.0,112.0,99.0,118.0,1.5,116.0,102.0,0.0,116.0,103.0,0.0,225.0,0.0
95,97.0,28.58,3.54,117.0,103.0,105.0,196.0,0.5,116.0,102.0,0.0,116.0,103.0,171.0,0.0,0.0
96,98.0,23.0,0.625,121.0,112.0,194.0,118.0,0.125,116.0,102.0,0.0,102.0,103.0,180.0,1.0,0.0
97,98.0,-99999.0,0.5,117.0,103.0,99.0,196.0,0.835,116.0,102.0,0.0,116.0,115.0,320.0,0.0,0.0
98,97.0,22.5,11.0,121.0,112.0,113.0,118.0,3.0,116.0,102.0,0.0,116.0,103.0,268.0,0.0,0.0
99,97.0,28.5,1.0,117.0,103.0,113.0,118.0,1.0,116.0,116.0,2.0,116.0,103.0,167.0,500.0,0.0
100,98.0,37.5,1.75,121.0,112.0,99.0,196.0,0.25,116.0,102.0,0.0,116.0,103.0,164.0,400.0,0.0
101,98.0,35.25,16.5,121.0,112.0,99.0,118.0,4.0,116.0,102.0,0.0,102.0,103.0,80.0,0.0,0.0
102,98.0,18.67,5.0,117.0,103.0,113.0,118.0,0.375,116.0,116.0,2.0,102.0,103.0,0.0,38.0,0.0
103,98.0,25.0,12.0,117.0,103.0,107.0,118.0,2.25,116.0,116.0,2.0,116.0,103.0,120.0,5.0,0.0
104,98.0,27.83,4.0,121.0,112.0,105.0,104.0,5.75,116.0,116.0,2.0,116.0,103.0,75.0,0.0,0.0
105,98.0,54.83,15.5,117.0,103.0,101.0,122.0,0.0,116.0,116.0,20.0,102.0,103.0,152.0,130.0,0.0
106,98.0,28.75,1.165,117.0,103.0,107.0,118.0,0.5,116.0,102.0,0.0,102.0,115.0,280.0,0.0,0.0
107,97.0,25.0,11.0,121.0,112.0,194.0,118.0,4.5,116.0,102.0,0.0,102.0,103.0,120.0,0.0,0.0
108,98.0,40.92,2.25,121.0,112.0,120.0,104.0,10.0,116.0,102.0,0.0,116.0,103.0,176.0,0.0,0.0
109,97.0,19.75,0.75,117.0,103.0,99.0,118.0,0.795,116.0,116.0,5.0,116.0,103.0,140.0,5.0,0.0
110,98.0,29.17,3.5,117.0,103.0,119.0,118.0,3.5,116.0,116.0,3.0,116.0,103.0,329.0,0.0,0.0
111,97.0,24.5,1.04,121.0,112.0,204.0,204.0,0.5,116.0,116.0,3.0,102.0,103.0,180.0,147.0,0.0
112,98.0,24.58,12.5,117.0,103.0,119.0,118.0,0.875,116.0,102.0,0.0,116.0,103.0,260.0,0.0,0.0
113,97.0,33.75,0.75,117.0,103.0,107.0,196.0,1.0,116.0,116.0,3.0,116.0,103.0,212.0,0.0,0.0
114,98.0,20.67,1.25,121.0,112.0,99.0,104.0,1.375,116.0,116.0,3.0,116.0,103.0,140.0,210.0,0.0
115,97.0,25.42,1.125,117.0,103.0,113.0,118.0,1.29,116.0,116.0,2.0,102.0,103.0,200.0,0.0,0.0
116,98.0,37.75,7.0,117.0,103.0,113.0,104.0,11.5,116.0,116.0,7.0,116.0,103.0,300.0,5.0,0.0
117,98.0,52.5,6.5,117.0,103.0,107.0,118.0,6.29,116.0,116.0,15.0,102.0,103.0,0.0,11202.0,1.0
118,98.0,57.83,7.04,117.0,103.0,109.0,118.0,14.0,116.0,116.0,6.0,116.0,103.0,360.0,1332.0,1.0
119,97.0,20.75,10.335,117.0,103.0,198.0,104.0,0.335,116.0,116.0,1.0,116.0,103.0,80.0,50.0,1.0
120,98.0,39.92,6.21,117.0,103.0,113.0,118.0,0.04,116.0,116.0,1.0,102.0,103.0,200.0,300.0,1.0
121,98.0,25.67,12.5,117.0,103.0,198.0,118.0,1.21,116.0,116.0,67.0,116.0,103.0,140.0,258.0,1.0
122,97.0,24.75,12.5,117.0,103.0,194.0,118.0,1.5,116.0,116.0,12.0,116.0,103.0,120.0,567.0,1.0
123,97.0,44.17,6.665,117.0,103.0,113.0,118.0,7.375,116.0,116.0,3.0,116.0,103.0,0.0,0.0,1.0
124,97.0,23.5,9.0,117.0,103.0,113.0,118.0,8.5,116.0,116.0,5.0,116.0,103.0,120.0,0.0,1.0
125,98.0,34.92,5.0,117.0,103.0,120.0,104.0,7.5,116.0,116.0,6.0,116.0,103.0,0.0,1000.0,1.0
126,98.0,47.67,2.5,117.0,103.0,109.0,196.0,2.5,116.0,116.0,12.0,116.0,103.0,410.0,2510.0,1.0
127,98.0,22.75,11.0,117.0,103.0,113.0,118.0,2.5,116.0,116.0,7.0,116.0,103.0,100.0,809.0,1.0
128,98.0,34.42,4.25,117.0,103.0,105.0,196.0,3.25,116.0,116.0,2.0,102.0,103.0,274.0,610.0,1.0
129,97.0,28.42,3.5,117.0,103.0,119.0,118.0,0.835,116.0,102.0,0.0,102.0,115.0,280.0,0.0,1.0
130,98.0,67.75,5.5,117.0,103.0,101.0,122.0,13.0,116.0,116.0,1.0,116.0,103.0,0.0,0.0,1.0
131,98.0,20.42,1.835,117.0,103.0,99.0,118.0,2.25,116.0,116.0,1.0,102.0,103.0,100.0,150.0,1.0
132,97.0,47.42,8.0,117.0,103.0,101.0,196.0,6.5,116.0,116.0,6.0,102.0,103.0,375.0,51100.0,1.0
133,98.0,36.25,5.0,117.0,103.0,99.0,196.0,2.5,116.0,116.0,6.0,102.0,103.0,0.0,367.0,1.0
134,98.0,32.67,5.5,117.0,103.0,113.0,104.0,5.5,116.0,116.0,12.0,116.0,103.0,408.0,1000.0,1.0
135,98.0,48.58,6.5,117.0,103.0,113.0,104.0,6.0,116.0,102.0,0.0,116.0,103.0,350.0,0.0,1.0
136,98.0,39.92,0.54,121.0,112.0,194.0,118.0,0.5,116.0,116.0,3.0,102.0,103.0,200.0,1000.0,1.0
137,98.0,33.58,2.75,117.0,103.0,109.0,118.0,4.25,116.0,116.0,6.0,102.0,103.0,204.0,0.0,1.0
138,97.0,18.83,9.5,117.0,103.0,119.0,118.0,1.625,116.0,116.0,6.0,116.0,103.0,40.0,600.0,1.0
139,97.0,26.92,13.5,117.0,103.0,113.0,104.0,5.0,116.0,116.0,2.0,102.0,103.0,0.0,5000.0,1.0
140,97.0,31.25,3.75,117.0,103.0,198.0,104.0,0.625,116.0,116.0,9.0,116.0,103.0,181.0,0.0,1.0
141,97.0,56.5,16.0,117.0,103.0,106.0,204.0,0.0,116.0,116.0,15.0,102.0,103.0,0.0,247.0,1.0
142,98.0,43.0,0.29,121.0,112.0,198.0,104.0,1.75,116.0,116.0,8.0,102.0,103.0,100.0,375.0,1.0
143,98.0,22.33,11.0,117.0,103.0,119.0,118.0,2.0,116.0,116.0,1.0,102.0,103.0,80.0,278.0,1.0
144,98.0,27.25,1.665,117.0,103.0,198.0,104.0,5.085,116.0,116.0,9.0,102.0,103.0,399.0,827.0,1.0
145,98.0,32.83,2.5,117.0,103.0,198.0,104.0,2.75,116.0,116.0,6.0,102.0,103.0,160.0,2072.0,1.0
146,98.0,23.25,1.5,117.0,103.0,113.0,118.0,2.375,116.0,116.0,3.0,116.0,103.0,0.0,582.0,1.0
147,97.0,40.33,7.54,121.0,112.0,113.0,104.0,8.0,116.0,116.0,14.0,102.0,103.0,0.0,2300.0,1.0
148,97.0,30.5,6.5,117.0,103.0,99.0,196.0,4.0,116.0,116.0,7.0,116.0,103.0,0.0,3065.0,1.0
149,97.0,52.83,15.0,117.0,103.0,99.0,118.0,5.5,116.0,116.0,14.0,102.0,103.0,0.0,2200.0,1.0
150,97.0,46.67,0.46,117.0,103.0,198.0,104.0,0.415,116.0,116.0,11.0,116.0,103.0,440.0,6.0,1.0
151,97.0,58.33,10.0,117.0,103.0,113.0,118.0,4.0,116.0,116.0,14.0,102.0,103.0,0.0,1602.0,1.0
152,98.0,37.33,6.5,117.0,103.0,109.0,104.0,4.25,116.0,116.0,12.0,116.0,103.0,93.0,0.0,1.0
153,98.0,23.08,2.5,117.0,103.0,99.0,118.0,1.085,116.0,116.0,11.0,116.0,103.0,60.0,2184.0,1.0
154,98.0,32.75,1.5,117.0,103.0,198.0,104.0,5.5,116.0,116.0,3.0,116.0,103.0,0.0,0.0,1.0
155,97.0,21.67,11.5,121.0,112.0,106.0,106.0,0.0,116.0,116.0,11.0,116.0,103.0,0.0,0.0,1.0
156,97.0,28.5,3.04,121.0,112.0,120.0,104.0,2.54,116.0,116.0,1.0,102.0,103.0,70.0,0.0,1.0
157,97.0,68.67,15.0,117.0,103.0,101.0,122.0,0.0,116.0,116.0,14.0,102.0,103.0,0.0,3376.0,1.0
158,98.0,28.0,2.0,117.0,103.0,107.0,104.0,4.165,116.0,116.0,2.0,116.0,103.0,181.0,0.0,1.0
159,98.0,34.08,0.08,121.0,112.0,109.0,196.0,0.04,116.0,116.0,1.0,116.0,103.0,280.0,2000.0,1.0
160,98.0,27.67,2.0,117.0,103.0,120.0,104.0,1.0,116.0,116.0,4.0,102.0,103.0,140.0,7544.0,1.0
161,98.0,44.0,2.0,117.0,103.0,109.0,118.0,1.75,116.0,116.0,2.0,116.0,103.0,0.0,15.0,1.0
162,98.0,25.08,1.71,117.0,103.0,120.0,118.0,1.665,116.0,116.0,1.0,116.0,103.0,395.0,20.0,1.0
163,98.0,32.0,1.75,121.0,112.0,101.0,104.0,0.04,116.0,102.0,0.0,116.0,103.0,393.0,0.0,1.0
164,97.0,60.58,16.5,117.0,103.0,113.0,118.0,11.0,116.0,102.0,0.0,116.0,103.0,21.0,10561.0,1.0
165,97.0,40.83,10.0,117.0,103.0,113.0,104.0,1.75,116.0,102.0,0.0,102.0,103.0,29.0,837.0,1.0
166,98.0,19.33,9.5,117.0,103.0,113.0,118.0,1.0,116.0,102.0,0.0,116.0,103.0,60.0,400.0,1.0
167,97.0,32.33,0.54,117.0,103.0,198.0,118.0,0.04,116.0,102.0,0.0,102.0,103.0,440.0,11177.0,1.0
168,98.0,36.67,3.25,117.0,103.0,113.0,104.0,9.0,116.0,102.0,0.0,116.0,103.0,102.0,639.0,1.0
169,98.0,37.5,1.125,121.0,112.0,100.0,118.0,1.5,102.0,102.0,0.0,116.0,103.0,431.0,0.0,1.0
170,97.0,25.08,2.54,121.0,112.0,194.0,118.0,0.25,116.0,102.0,0.0,116.0,103.0,370.0,0.0,1.0
171,98.0,41.33,0.0,117.0,103.0,99.0,196.0,15.0,116.0,102.0,0.0,102.0,103.0,0.0,0.0,1.0
172,98.0,56.0,12.5,117.0,103.0,107.0,104.0,8.0,116.0,102.0,0.0,116.0,103.0,24.0,2028.0,1.0
173,97.0,49.83,13.585,117.0,103.0,107.0,104.0,8.5,116.0,102.0,0.0,116.0,103.0,0.0,0.0,1.0
174,98.0,22.67,10.5,117.0,103.0,113.0,104.0,1.335,116.0,102.0,0.0,102.0,103.0,100.0,0.0,1.0
175,98.0,27.0,1.5,121.0,112.0,119.0,118.0,0.375,116.0,102.0,0.0,116.0,103.0,260.0,1065.0,1.0
176,98.0,25.0,12.5,117.0,103.0,194.0,118.0,3.0,116.0,102.0,0.0,116.0,115.0,20.0,0.0,1.0
177,97.0,26.08,8.665,117.0,103.0,194.0,118.0,1.415,116.0,102.0,0.0,102.0,103.0,160.0,150.0,1.0
178,97.0,18.42,9.25,117.0,103.0,113.0,118.0,1.21,116.0,116.0,4.0,102.0,103.0,60.0,540.0,1.0
179,98.0,20.17,8.17,117.0,103.0,194.0,118.0,1.96,116.0,116.0,14.0,102.0,103.0,60.0,158.0,1.0
180,98.0,47.67,0.29,117.0,103.0,99.0,196.0,15.0,116.0,116.0,20.0,102.0,103.0,0.0,15000.0,1.0
181,97.0,21.25,2.335,117.0,103.0,105.0,196.0,0.5,116.0,116.0,4.0,102.0,115.0,80.0,0.0,1.0
182,97.0,20.67,3.0,117.0,103.0,113.0,118.0,0.165,116.0,116.0,3.0,102.0,103.0,100.0,6.0,1.0
183,97.0,57.08,19.5,117.0,103.0,99.0,118.0,5.5,116.0,116.0,7.0,102.0,103.0,0.0,3000.0,1.0
184,97.0,22.42,5.665,117.0,103.0,113.0,118.0,2.585,116.0,116.0,7.0,102.0,103.0,129.0,3257.0,1.0
185,98.0,48.75,8.5,117.0,103.0,99.0,104.0,12.5,116.0,116.0,9.0,102.0,103.0,181.0,1655.0,1.0
186,98.0,40.0,6.5,117.0,103.0,194.0,196.0,3.5,116.0,116.0,1.0,102.0,103.0,0.0,500.0,1.0
187,98.0,40.58,5.0,117.0,103.0,99.0,118.0,5.0,116.0,116.0,7.0,102.0,103.0,0.0,3065.0,1.0
188,97.0,28.67,1.04,117.0,103.0,99.0,118.0,2.5,116.0,116.0,5.0,116.0,103.0,300.0,1430.0,1.0
189,97.0,33.08,4.625,117.0,103.0,113.0,104.0,1.625,116.0,116.0,2.0,102.0,103.0,0.0,0.0,1.0
190,98.0,21.33,10.5,117.0,103.0,99.0,118.0,3.0,116.0,102.0,0.0,116.0,103.0,0.0,0.0,1.0
191,98.0,42.0,0.205,117.0,103.0,105.0,104.0,5.125,116.0,102.0,0.0,102.0,103.0,400.0,0.0,1.0
192,98.0,41.75,0.96,117.0,103.0,120.0,118.0,2.5,116.0,102.0,0.0,102.0,103.0,510.0,600.0,1.0
193,98.0,22.67,1.585,121.0,112.0,119.0,118.0,3.085,116.0,116.0,6.0,102.0,103.0,80.0,0.0,1.0
194,98.0,34.5,4.04,121.0,112.0,105.0,196.0,8.5,116.0,116.0,7.0,116.0,103.0,195.0,0.0,1.0
195,98.0,28.25,5.04,121.0,112.0,99.0,196.0,1.5,116.0,116.0,8.0,116.0,103.0,144.0,7.0,1.0
196,98.0,33.17,3.165,121.0,112.0,120.0,118.0,3.165,116.0,116.0,3.0,116.0,103.0,380.0,0.0,1.0
197,98.0,48.17,7.625,117.0,103.0,119.0,104.0,15.5,116.0,116.0,12.0,102.0,103.0,0.0,790.0,1.0
198,98.0,27.58,2.04,121.0,112.0,194.0,118.0,2.0,116.0,116.0,3.0,116.0,103.0,370.0,560.0,1.0
199,98.0,22.58,10.04,117.0,103.0,120.0,118.0,0.04,116.0,116.0,9.0,102.0,103.0,60.0,396.0,1.0
200,97.0,24.08,0.5,117.0,103.0,113.0,104.0,1.25,116.0,116.0,1.0,102.0,103.0,0.0,678.0,1.0
201,97.0,41.33,1.0,117.0,103.0,105.0,196.0,2.25,116.0,102.0,0.0,116.0,103.0,0.0,300.0,1.0
202,98.0,24.83,2.75,117.0,103.0,99.0,118.0,2.25,116.0,116.0,6.0,102.0,103.0,-99999.0,600.0,1.0
203,97.0,20.75,10.25,117.0,103.0,113.0,118.0,0.71,116.0,116.0,2.0,116.0,103.0,49.0,0.0,1.0
204,98.0,36.33,2.125,121.0,112.0,119.0,118.0,0.085,116.0,116.0,1.0,102.0,103.0,50.0,1187.0,1.0
205,97.0,35.42,12.0,117.0,103.0,113.0,104.0,14.0,116.0,116.0,8.0,102.0,103.0,0.0,6590.0,1.0
206,97.0,71.58,0.0,-99999.0,-99999.0,-99999.0,-99999.0,0.0,102.0,102.0,0.0,102.0,112.0,-99999.0,0.0,1.0
207,98.0,28.67,9.335,117.0,103.0,113.0,104.0,5.665,116.0,116.0,6.0,102.0,103.0,381.0,168.0,1.0
208,98.0,35.17,2.5,117.0,103.0,107.0,118.0,4.5,116.0,116.0,7.0,102.0,103.0,150.0,1270.0,1.0
209,98.0,39.5,4.25,117.0,103.0,99.0,196.0,6.5,116.0,116.0,16.0,102.0,103.0,117.0,1210.0,1.0
210,98.0,39.33,5.875,117.0,103.0,198.0,104.0,10.0,116.0,116.0,14.0,116.0,103.0,399.0,0.0,1.0
211,98.0,24.33,6.625,121.0,112.0,100.0,118.0,5.5,116.0,102.0,0.0,116.0,115.0,100.0,0.0,1.0
212,98.0,60.08,14.5,117.0,103.0,204.0,204.0,18.0,116.0,116.0,15.0,116.0,103.0,0.0,1000.0,1.0
213,98.0,23.08,11.5,117.0,103.0,105.0,118.0,3.5,116.0,116.0,9.0,102.0,103.0,56.0,742.0,1.0
214,98.0,26.67,2.71,121.0,112.0,198.0,118.0,5.25,116.0,116.0,1.0,102.0,103.0,211.0,0.0,1.0
215,98.0,48.17,3.5,117.0,103.0,194.0,118.0,3.5,116.0,102.0,0.0,102.0,115.0,230.0,0.0,1.0
216,98.0,41.17,4.04,117.0,103.0,198.0,104.0,7.0,116.0,116.0,8.0,102.0,103.0,320.0,0.0,1.0
217,98.0,55.92,11.5,117.0,103.0,204.0,204.0,5.0,116.0,116.0,5.0,102.0,103.0,0.0,8851.0,1.0
218,98.0,53.92,9.625,117.0,103.0,101.0,118.0,8.665,116.0,116.0,5.0,102.0,103.0,0.0,0.0,1.0
219,97.0,18.92,9.25,121.0,112.0,99.0,118.0,1.0,116.0,116.0,4.0,116.0,103.0,80.0,500.0,1.0
220,97.0,50.08,12.54,117.0,103.0,194.0,118.0,2.29,116.0,116.0,3.0,116.0,103.0,156.0,0.0,1.0
221,98.0,65.42,11.0,117.0,103.0,101.0,122.0,20.0,116.0,116.0,7.0,116.0,103.0,22.0,0.0,1.0
222,97.0,17.58,9.0,117.0,103.0,194.0,118.0,1.375,116.0,102.0,0.0,116.0,103.0,0.0,0.0,1.0
223,97.0,18.83,9.54,117.0,103.0,194.0,118.0,0.085,116.0,102.0,0.0,102.0,103.0,100.0,0.0,1.0
224,97.0,37.75,5.5,117.0,103.0,113.0,118.0,0.125,116.0,102.0,0.0,116.0,103.0,228.0,0.0,1.0
225,98.0,23.25,4.0,117.0,103.0,99.0,196.0,0.25,116.0,102.0,0.0,116.0,103.0,160.0,0.0,1.0
226,98.0,18.08,5.5,117.0,103.0,107.0,118.0,0.5,116.0,102.0,0.0,102.0,103.0,80.0,0.0,1.0
227,97.0,22.5,8.46,121.0,112.0,120.0,118.0,2.46,102.0,102.0,0.0,102.0,103.0,164.0,0.0,1.0
228,98.0,19.67,0.375,117.0,103.0,113.0,118.0,2.0,116.0,116.0,2.0,116.0,103.0,80.0,0.0,1.0
229,98.0,22.08,11.0,117.0,103.0,198.0,118.0,0.665,116.0,102.0,0.0,102.0,103.0,100.0,0.0,1.0
230,98.0,25.17,3.5,117.0,103.0,198.0,118.0,0.625,116.0,116.0,7.0,102.0,103.0,0.0,7059.0,1.0
231,97.0,47.42,3.0,117.0,103.0,120.0,118.0,13.875,116.0,116.0,2.0,116.0,103.0,519.0,1704.0,1.0
232,98.0,33.5,1.75,117.0,103.0,120.0,104.0,4.5,116.0,116.0,4.0,116.0,103.0,253.0,857.0,1.0
233,98.0,27.67,13.75,117.0,103.0,119.0,118.0,5.75,116.0,102.0,0.0,116.0,103.0,487.0,500.0,1.0
234,97.0,58.42,21.0,117.0,103.0,105.0,196.0,10.0,116.0,116.0,13.0,102.0,103.0,0.0,6700.0,1.0
235,97.0,20.67,1.835,117.0,103.0,113.0,118.0,2.085,116.0,116.0,5.0,102.0,103.0,220.0,2503.0,1.0
236,98.0,26.17,0.25,117.0,103.0,105.0,196.0,0.0,116.0,102.0,0.0,116.0,103.0,0.0,0.0,1.0
237,98.0,21.33,7.5,117.0,103.0,194.0,118.0,1.415,116.0,116.0,1.0,102.0,103.0,80.0,9800.0,1.0
238,98.0,42.83,4.625,117.0,103.0,113.0,118.0,4.58,116.0,102.0,0.0,102.0,115.0,0.0,0.0,1.0
239,98.0,38.17,10.125,117.0,103.0,120.0,118.0,2.5,116.0,116.0,6.0,102.0,103.0,520.0,196.0,1.0
240,98.0,20.5,10.0,121.0,112.0,99.0,118.0,2.5,116.0,102.0,0.0,102.0,115.0,40.0,0.0,1.0
241,98.0,48.25,25.085,117.0,103.0,119.0,118.0,1.75,116.0,116.0,3.0,102.0,103.0,120.0,14.0,1.0
242,98.0,28.33,5.0,117.0,103.0,119.0,118.0,11.0,116.0,102.0,0.0,116.0,103.0,70.0,0.0,1.0
243,97.0,18.75,7.5,117.0,103.0,113.0,118.0,2.71,116.0,116.0,5.0,102.0,103.0,-99999.0,26726.0,1.0
244,98.0,18.5,2.0,117.0,103.0,105.0,118.0,1.5,116.0,116.0,2.0,102.0,103.0,120.0,300.0,1.0
245,98.0,33.17,3.04,121.0,112.0,99.0,104.0,2.04,116.0,116.0,1.0,116.0,103.0,180.0,18027.0,1.0
246,98.0,45.0,8.5,117.0,103.0,198.0,104.0,14.0,116.0,116.0,1.0,116.0,103.0,88.0,2000.0,1.0
247,97.0,19.67,0.21,117.0,103.0,113.0,104.0,0.29,116.0,116.0,11.0,102.0,103.0,80.0,99.0,1.0
248,-99999.0,24.5,12.75,117.0,103.0,99.0,196.0,4.75,116.0,116.0,2.0,102.0,103.0,73.0,444.0,1.0
249,98.0,21.83,11.0,117.0,103.0,120.0,118.0,0.29,116.0,116.0,6.0,102.0,103.0,121.0,0.0,1.0
250,98.0,40.25,21.5,117.0,103.0,101.0,122.0,20.0,116.0,116.0,11.0,102.0,103.0,0.0,1200.0,1.0
251,98.0,41.42,5.0,117.0,103.0,113.0,104.0,5.0,116.0,116.0,6.0,116.0,103.0,470.0,0.0,1.0
252,97.0,17.83,11.0,117.0,103.0,120.0,104.0,1.0,116.0,116.0,11.0,102.0,103.0,0.0,3000.0,1.0
253,98.0,23.17,11.125,117.0,103.0,120.0,104.0,0.46,116.0,116.0,1.0,102.0,103.0,100.0,0.0,1.0
254,98.0,-99999.0,0.625,117.0,103.0,107.0,118.0,0.25,102.0,102.0,0.0,102.0,103.0,380.0,2010.0,0.0
255,98.0,18.17,10.25,117.0,103.0,99.0,104.0,1.085,102.0,102.0,0.0,102.0,103.0,320.0,13.0,0.0
256,98.0,20.0,11.045,117.0,103.0,99.0,118.0,2.0,102.0,102.0,0.0,116.0,103.0,136.0,0.0,0.0
257,98.0,20.0,0.0,117.0,103.0,100.0,118.0,0.5,102.0,102.0,0.0,102.0,103.0,144.0,0.0,0.0
258,97.0,20.75,9.54,117.0,103.0,105.0,118.0,0.04,102.0,102.0,0.0,102.0,103.0,200.0,1000.0,0.0
259,97.0,24.5,1.75,121.0,112.0,99.0,118.0,0.165,102.0,102.0,0.0,102.0,103.0,132.0,0.0,0.0
260,98.0,32.75,2.335,117.0,103.0,100.0,104.0,5.75,102.0,102.0,0.0,116.0,103.0,292.0,0.0,0.0
261,97.0,52.17,0.0,121.0,112.0,204.0,204.0,0.0,102.0,102.0,0.0,102.0,103.0,0.0,0.0,0.0
262,97.0,48.17,1.335,117.0,103.0,105.0,111.0,0.335,102.0,102.0,0.0,102.0,103.0,0.0,120.0,0.0
263,97.0,20.42,10.5,121.0,112.0,120.0,104.0,0.0,102.0,102.0,0.0,116.0,103.0,154.0,32.0,0.0
264,98.0,50.75,0.585,117.0,103.0,204.0,204.0,0.0,102.0,102.0,0.0,102.0,103.0,145.0,0.0,0.0
265,98.0,17.08,0.085,121.0,112.0,99.0,118.0,0.04,102.0,102.0,0.0,102.0,103.0,140.0,722.0,0.0
266,98.0,18.33,1.21,121.0,112.0,101.0,200.0,0.0,102.0,102.0,0.0,102.0,103.0,100.0,0.0,0.0
267,97.0,32.0,6.0,117.0,103.0,100.0,118.0,1.25,102.0,102.0,0.0,102.0,103.0,272.0,0.0,0.0
268,98.0,59.67,1.54,117.0,103.0,113.0,118.0,0.125,116.0,102.0,0.0,116.0,103.0,260.0,0.0,1.0
269,98.0,18.0,0.165,117.0,103.0,113.0,110.0,0.21,102.0,102.0,0.0,102.0,103.0,200.0,40.0,1.0
270,98.0,37.58,0.0,-99999.0,-99999.0,-99999.0,-99999.0,0.0,102.0,102.0,0.0,102.0,112.0,-99999.0,0.0,1.0
271,98.0,32.33,2.5,117.0,103.0,99.0,118.0,1.25,102.0,102.0,0.0,116.0,103.0,280.0,0.0,0.0
272,98.0,18.08,6.75,121.0,112.0,109.0,118.0,0.04,102.0,102.0,0.0,102.0,103.0,140.0,0.0,0.0
273,98.0,38.25,10.125,121.0,112.0,107.0,118.0,0.125,102.0,102.0,0.0,102.0,103.0,160.0,0.0,0.0
274,98.0,30.67,2.5,117.0,103.0,198.0,104.0,2.25,102.0,102.0,0.0,116.0,115.0,340.0,0.0,0.0
275,98.0,18.58,5.71,117.0,103.0,100.0,118.0,0.54,102.0,102.0,0.0,102.0,103.0,120.0,0.0,0.0
276,97.0,19.17,5.415,117.0,103.0,105.0,104.0,0.29,102.0,102.0,0.0,102.0,103.0,80.0,484.0,0.0
277,97.0,18.17,10.0,121.0,112.0,113.0,104.0,0.165,102.0,102.0,0.0,102.0,103.0,340.0,0.0,0.0
278,98.0,24.58,13.5,121.0,112.0,204.0,204.0,0.0,102.0,102.0,0.0,102.0,103.0,-99999.0,0.0,0.0
279,98.0,16.25,0.835,117.0,103.0,109.0,118.0,0.085,116.0,102.0,0.0,102.0,115.0,200.0,0.0,0.0
280,98.0,21.17,0.875,121.0,112.0,99.0,104.0,0.25,102.0,102.0,0.0,102.0,103.0,280.0,204.0,0.0
281,98.0,23.92,0.585,121.0,112.0,198.0,104.0,0.125,102.0,102.0,0.0,102.0,103.0,240.0,1.0,0.0
282,98.0,17.67,4.46,117.0,103.0,99.0,118.0,0.25,102.0,102.0,0.0,102.0,115.0,80.0,0.0,0.0
283,97.0,16.5,1.25,117.0,103.0,113.0,118.0,0.25,102.0,116.0,1.0,102.0,103.0,108.0,98.0,0.0
284,98.0,23.25,12.625,117.0,103.0,99.0,118.0,0.125,102.0,116.0,2.0,102.0,103.0,0.0,5552.0,0.0
285,98.0,17.58,10.0,117.0,103.0,119.0,104.0,0.165,102.0,116.0,1.0,102.0,103.0,120.0,1.0,0.0
286,97.0,-99999.0,1.5,117.0,103.0,204.0,204.0,0.0,102.0,116.0,2.0,116.0,103.0,200.0,105.0,0.0
287,98.0,29.5,0.58,117.0,103.0,119.0,118.0,0.29,102.0,116.0,1.0,102.0,103.0,340.0,2803.0,0.0
288,98.0,18.83,0.415,121.0,112.0,99.0,118.0,0.165,102.0,116.0,1.0,102.0,103.0,200.0,1.0,0.0
289,97.0,21.75,1.75,121.0,112.0,106.0,106.0,0.0,102.0,102.0,0.0,102.0,103.0,160.0,0.0,0.0
290,98.0,23.0,0.75,117.0,103.0,109.0,118.0,0.5,102.0,102.0,0.0,116.0,115.0,320.0,0.0,0.0
291,97.0,18.25,10.0,117.0,103.0,119.0,118.0,1.0,102.0,116.0,1.0,102.0,103.0,120.0,1.0,0.0
292,98.0,25.42,0.54,117.0,103.0,119.0,118.0,0.165,102.0,116.0,1.0,102.0,103.0,272.0,444.0,0.0
293,98.0,35.75,2.415,117.0,103.0,119.0,118.0,0.125,102.0,116.0,2.0,102.0,103.0,220.0,1.0,0.0
294,97.0,16.08,0.335,117.0,103.0,204.0,204.0,0.0,102.0,116.0,1.0,102.0,103.0,160.0,126.0,0.0
295,97.0,31.92,3.125,117.0,103.0,204.0,204.0,3.04,102.0,116.0,2.0,116.0,103.0,200.0,4.0,0.0
296,98.0,69.17,9.0,117.0,103.0,204.0,204.0,4.0,102.0,116.0,1.0,102.0,103.0,70.0,6.0,0.0
297,98.0,32.92,2.5,117.0,103.0,194.0,118.0,1.75,102.0,116.0,2.0,116.0,103.0,720.0,0.0,0.0
298,98.0,16.33,2.75,117.0,103.0,194.0,118.0,0.665,102.0,116.0,1.0,102.0,103.0,80.0,21.0,0.0
299,98.0,22.17,12.125,117.0,103.0,99.0,118.0,3.335,102.0,116.0,2.0,116.0,103.0,180.0,173.0,0.0
300,97.0,57.58,2.0,117.0,103.0,204.0,204.0,6.5,102.0,116.0,1.0,102.0,103.0,0.0,10.0,0.0
301,98.0,18.25,0.165,117.0,103.0,100.0,118.0,0.25,102.0,102.0,0.0,116.0,115.0,280.0,0.0,0.0
302,98.0,23.42,1.0,117.0,103.0,99.0,118.0,0.5,102.0,102.0,0.0,116.0,115.0,280.0,0.0,0.0
303,97.0,15.92,2.875,117.0,103.0,113.0,118.0,0.085,102.0,102.0,0.0,102.0,103.0,120.0,0.0,0.0
304,97.0,24.75,13.665,117.0,103.0,113.0,104.0,1.5,102.0,102.0,0.0,102.0,103.0,280.0,1.0,0.0
305,98.0,48.75,26.335,121.0,112.0,204.0,204.0,0.0,116.0,102.0,0.0,116.0,103.0,0.0,0.0,0.0
306,98.0,23.5,2.75,117.0,103.0,204.0,204.0,4.5,102.0,102.0,0.0,102.0,103.0,160.0,25.0,0.0
307,98.0,18.58,10.29,117.0,103.0,204.0,204.0,0.415,102.0,102.0,0.0,102.0,103.0,80.0,0.0,0.0
308,98.0,27.75,1.29,117.0,103.0,107.0,104.0,0.25,102.0,102.0,0.0,116.0,115.0,140.0,0.0,0.0
309,97.0,31.75,3.0,121.0,112.0,106.0,106.0,0.0,102.0,102.0,0.0,102.0,103.0,160.0,20.0,0.0
310,97.0,24.83,4.5,117.0,103.0,119.0,118.0,1.0,102.0,102.0,0.0,116.0,103.0,360.0,6.0,0.0
311,98.0,19.0,1.75,121.0,112.0,99.0,118.0,2.335,102.0,102.0,0.0,116.0,103.0,112.0,6.0,0.0
312,97.0,16.33,0.21,117.0,103.0,194.0,118.0,0.125,102.0,102.0,0.0,102.0,103.0,200.0,1.0,0.0
313,97.0,18.58,10.0,117.0,103.0,100.0,118.0,0.415,102.0,102.0,0.0,102.0,103.0,80.0,42.0,0.0
314,98.0,16.25,0.0,121.0,112.0,194.0,118.0,0.25,102.0,102.0,0.0,102.0,103.0,60.0,0.0,0.0
315,98.0,23.0,0.75,117.0,103.0,109.0,118.0,0.5,116.0,102.0,0.0,116.0,115.0,320.0,0.0,0.0
316,98.0,21.17,0.25,121.0,112.0,99.0,104.0,0.25,102.0,102.0,0.0,102.0,103.0,280.0,204.0,0.0
317,98.0,17.5,22.0,108.0,206.0,204.0,111.0,0.0,102.0,102.0,0.0,116.0,112.0,450.0,100000.0,1.0
318,98.0,19.17,0.0,121.0,112.0,109.0,196.0,0.0,102.0,102.0,0.0,116.0,115.0,500.0,1.0,1.0
319,98.0,36.75,0.125,121.0,112.0,99.0,118.0,1.5,102.0,102.0,0.0,116.0,103.0,232.0,113.0,1.0
320,98.0,21.25,1.5,117.0,103.0,119.0,118.0,1.5,102.0,102.0,0.0,102.0,103.0,150.0,8.0,1.0
321,97.0,18.08,0.375,108.0,206.0,198.0,204.0,10.0,102.0,102.0,0.0,116.0,115.0,300.0,0.0,1.0
322,97.0,33.67,0.375,117.0,103.0,198.0,118.0,0.375,102.0,102.0,0.0,102.0,103.0,300.0,44.0,1.0
323,98.0,48.58,0.205,121.0,112.0,107.0,118.0,0.25,116.0,116.0,11.0,102.0,103.0,380.0,2732.0,1.0
324,98.0,33.67,1.25,117.0,103.0,119.0,118.0,1.165,102.0,102.0,0.0,102.0,103.0,120.0,0.0,0.0
325,97.0,29.5,1.085,121.0,112.0,120.0,118.0,1.0,102.0,102.0,0.0,102.0,103.0,280.0,13.0,0.0
326,98.0,30.17,1.085,121.0,112.0,99.0,118.0,0.04,102.0,102.0,0.0,102.0,103.0,170.0,179.0,0.0
327,-99999.0,40.83,3.5,117.0,103.0,105.0,196.0,0.5,102.0,102.0,0.0,102.0,115.0,1160.0,0.0,0.0
328,98.0,34.83,2.5,121.0,112.0,119.0,118.0,3.0,102.0,102.0,0.0,102.0,115.0,200.0,0.0,0.0
329,98.0,-99999.0,4.0,121.0,112.0,105.0,118.0,0.085,102.0,102.0,0.0,116.0,103.0,411.0,0.0,0.0
330,98.0,20.42,0.0,-99999.0,-99999.0,-99999.0,-99999.0,0.0,102.0,102.0,0.0,102.0,112.0,-99999.0,0.0,0.0
331,97.0,33.25,2.5,121.0,112.0,99.0,118.0,2.5,102.0,102.0,0.0,116.0,103.0,0.0,2.0,0.0
332,98.0,34.08,2.5,117.0,103.0,99.0,118.0,1.0,102.0,102.0,0.0,102.0,103.0,460.0,16.0,0.0
333,97.0,25.25,12.5,117.0,103.0,100.0,118.0,1.0,102.0,102.0,0.0,116.0,103.0,180.0,1062.0,0.0
334,98.0,34.75,2.5,117.0,103.0,198.0,196.0,0.5,102.0,102.0,0.0,102.0,103.0,348.0,0.0,0.0
335,98.0,27.67,0.75,117.0,103.0,113.0,104.0,0.165,102.0,102.0,0.0,116.0,103.0,220.0,251.0,0.0
336,98.0,47.33,6.5,117.0,103.0,99.0,118.0,1.0,102.0,102.0,0.0,116.0,103.0,0.0,228.0,0.0
337,97.0,34.83,1.25,121.0,112.0,105.0,104.0,0.5,102.0,102.0,0.0,116.0,103.0,160.0,0.0,0.0
338,97.0,33.25,3.0,121.0,112.0,194.0,118.0,2.0,102.0,102.0,0.0,102.0,103.0,180.0,0.0,0.0
339,98.0,28.0,3.0,117.0,103.0,119.0,118.0,0.75,102.0,102.0,0.0,116.0,103.0,300.0,67.0,0.0
340,97.0,39.08,4.0,117.0,103.0,99.0,118.0,3.0,102.0,102.0,0.0,102.0,103.0,480.0,0.0,0.0
341,98.0,42.75,4.085,117.0,103.0,194.0,118.0,0.04,102.0,102.0,0.0,102.0,103.0,108.0,100.0,0.0
342,98.0,26.92,2.25,117.0,103.0,105.0,196.0,0.5,102.0,102.0,0.0,116.0,103.0,640.0,4000.0,0.0
343,98.0,33.75,2.75,117.0,103.0,105.0,196.0,0.0,102.0,102.0,0.0,102.0,103.0,180.0,0.0,0.0
344,98.0,38.92,1.75,117.0,103.0,107.0,118.0,0.5,102.0,102.0,0.0,116.0,103.0,300.0,2.0,0.0
345,98.0,62.75,7.0,117.0,103.0,101.0,122.0,0.0,102.0,102.0,0.0,102.0,103.0,0.0,12.0,0.0
346,-99999.0,32.25,1.5,117.0,103.0,99.0,118.0,0.25,102.0,102.0,0.0,116.0,103.0,372.0,122.0,0.0
347,98.0,26.75,4.5,121.0,112.0,99.0,196.0,2.5,102.0,102.0,0.0,102.0,103.0,200.0,1210.0,0.0
348,98.0,63.33,0.54,117.0,103.0,99.0,118.0,0.585,116.0,116.0,3.0,116.0,103.0,180.0,0.0,0.0
349,98.0,27.83,1.5,117.0,103.0,119.0,118.0,2.25,102.0,116.0,1.0,116.0,103.0,100.0,3.0,0.0
350,97.0,26.17,2.0,117.0,103.0,106.0,106.0,0.0,102.0,102.0,0.0,116.0,103.0,276.0,1.0,0.0
351,98.0,22.17,0.585,121.0,112.0,204.0,204.0,0.0,102.0,102.0,0.0,102.0,103.0,100.0,0.0,0.0
352,98.0,22.5,11.5,121.0,112.0,109.0,118.0,1.5,102.0,102.0,0.0,116.0,103.0,0.0,4000.0,0.0
353,98.0,30.75,1.585,117.0,103.0,100.0,118.0,0.585,102.0,102.0,0.0,116.0,115.0,0.0,0.0,0.0
354,98.0,36.67,2.0,117.0,103.0,105.0,118.0,0.25,102.0,102.0,0.0,116.0,103.0,221.0,0.0,0.0
355,97.0,16.0,0.165,117.0,103.0,194.0,118.0,1.0,102.0,116.0,2.0,116.0,103.0,320.0,1.0,0.0
356,98.0,41.17,1.335,117.0,103.0,100.0,118.0,0.165,102.0,102.0,0.0,102.0,103.0,168.0,0.0,0.0
357,97.0,19.5,0.165,117.0,103.0,113.0,118.0,0.04,102.0,102.0,0.0,116.0,103.0,380.0,0.0,0.0
358,98.0,32.42,3.0,117.0,103.0,100.0,118.0,0.165,102.0,102.0,0.0,116.0,103.0,120.0,0.0,0.0
359,97.0,36.75,4.71,117.0,103.0,204.0,204.0,0.0,102.0,102.0,0.0,102.0,103.0,160.0,0.0,0.0
360,97.0,30.25,5.5,117.0,103.0,107.0,118.0,5.5,102.0,102.0,0.0,116.0,115.0,100.0,0.0,0.0
361,98.0,23.08,2.5,117.0,103.0,204.0,204.0,0.085,102.0,102.0,0.0,116.0,103.0,100.0,4208.0,0.0
362,98.0,26.83,0.54,117.0,103.0,107.0,204.0,0.0,102.0,102.0,0.0,102.0,103.0,100.0,0.0,0.0
363,98.0,16.92,0.335,121.0,112.0,107.0,118.0,0.29,102.0,102.0,0.0,102.0,115.0,200.0,0.0,0.0
364,98.0,24.42,2.0,117.0,103.0,101.0,200.0,0.165,102.0,116.0,2.0,102.0,103.0,320.0,1300.0,0.0
365,98.0,42.83,1.25,117.0,103.0,109.0,118.0,13.875,102.0,116.0,1.0,116.0,103.0,352.0,112.0,0.0
366,97.0,22.75,6.165,117.0,103.0,194.0,118.0,0.165,102.0,102.0,0.0,102.0,103.0,220.0,1000.0,0.0
367,98.0,39.42,1.71,121.0,112.0,109.0,118.0,0.165,102.0,102.0,0.0,102.0,115.0,400.0,0.0,0.0
368,97.0,23.58,11.5,121.0,112.0,107.0,104.0,3.0,102.0,102.0,0.0,116.0,103.0,20.0,16.0,0.0
369,98.0,21.42,0.75,121.0,112.0,114.0,110.0,0.75,102.0,102.0,0.0,116.0,103.0,132.0,2.0,0.0
370,98.0,33.0,2.5,121.0,112.0,119.0,118.0,7.0,102.0,102.0,0.0,116.0,103.0,280.0,0.0,0.0
371,98.0,26.33,13.0,117.0,103.0,101.0,200.0,0.0,102.0,102.0,0.0,116.0,103.0,140.0,1110.0,0.0
372,97.0,45.0,4.585,117.0,103.0,107.0,104.0,1.0,102.0,102.0,0.0,116.0,115.0,240.0,0.0,0.0
373,98.0,26.25,1.54,117.0,103.0,119.0,118.0,0.125,102.0,102.0,0.0,102.0,103.0,100.0,0.0,0.0
374,-99999.0,28.17,0.585,117.0,103.0,194.0,118.0,0.04,102.0,102.0,0.0,102.0,103.0,260.0,1004.0,0.0
375,97.0,20.83,0.5,121.0,112.0,101.0,200.0,1.0,102.0,102.0,0.0,102.0,103.0,260.0,0.0,0.0
376,98.0,28.67,14.5,117.0,103.0,100.0,118.0,0.125,102.0,102.0,0.0,102.0,103.0,0.0,286.0,0.0
377,98.0,20.67,0.835,121.0,112.0,99.0,118.0,2.0,102.0,102.0,0.0,116.0,115.0,240.0,0.0,0.0
378,98.0,34.42,1.335,117.0,103.0,105.0,196.0,0.125,102.0,102.0,0.0,116.0,103.0,440.0,4500.0,0.0
379,98.0,33.58,0.25,117.0,103.0,105.0,196.0,4.0,102.0,102.0,0.0,116.0,115.0,420.0,0.0,0.0
380,98.0,43.17,5.0,117.0,103.0,105.0,196.0,2.25,102.0,102.0,0.0,116.0,103.0,141.0,0.0,0.0
381,97.0,22.67,7.0,117.0,103.0,99.0,118.0,0.165,102.0,102.0,0.0,102.0,103.0,160.0,0.0,0.0
382,97.0,24.33,2.5,121.0,112.0,105.0,196.0,4.5,102.0,102.0,0.0,102.0,103.0,200.0,456.0,0.0
383,97.0,56.83,4.25,121.0,112.0,204.0,204.0,5.0,102.0,102.0,0.0,116.0,103.0,0.0,4.0,0.0
384,98.0,22.08,11.46,117.0,103.0,107.0,118.0,1.585,102.0,102.0,0.0,116.0,103.0,100.0,1212.0,0.0
385,98.0,34.0,5.5,121.0,112.0,99.0,118.0,1.5,102.0,102.0,0.0,116.0,103.0,60.0,0.0,0.0
386,98.0,22.58,1.5,121.0,112.0,194.0,118.0,0.54,102.0,102.0,0.0,116.0,103.0,120.0,67.0,0.0
387,98.0,21.17,0.0,117.0,103.0,99.0,118.0,0.5,102.0,102.0,0.0,116.0,115.0,0.0,0.0,0.0
388,98.0,26.67,14.585,117.0,103.0,105.0,196.0,0.0,102.0,102.0,0.0,116.0,103.0,178.0,0.0,0.0
389,98.0,22.92,0.17,117.0,103.0,109.0,118.0,0.085,102.0,102.0,0.0,102.0,115.0,0.0,0.0,0.0
390,98.0,15.17,7.0,117.0,103.0,101.0,118.0,1.0,102.0,102.0,0.0,102.0,103.0,600.0,0.0,0.0
391,98.0,39.92,5.0,117.0,103.0,105.0,196.0,0.21,102.0,102.0,0.0,102.0,103.0,550.0,0.0,0.0
392,98.0,27.42,12.5,117.0,103.0,194.0,196.0,0.25,102.0,102.0,0.0,116.0,103.0,720.0,0.0,0.0
393,98.0,24.75,0.54,117.0,103.0,109.0,118.0,1.0,102.0,102.0,0.0,116.0,103.0,120.0,1.0,0.0
394,98.0,41.17,1.25,121.0,112.0,119.0,118.0,0.25,102.0,102.0,0.0,102.0,103.0,0.0,195.0,0.0
395,97.0,33.08,1.625,117.0,103.0,100.0,118.0,0.54,102.0,102.0,0.0,116.0,103.0,0.0,0.0,0.0
396,98.0,29.83,2.04,121.0,112.0,120.0,104.0,0.04,102.0,102.0,0.0,102.0,103.0,128.0,1.0,0.0
397,97.0,23.58,0.585,121.0,112.0,204.0,204.0,0.125,102.0,102.0,0.0,102.0,103.0,120.0,87.0,0.0
398,98.0,26.17,12.5,121.0,112.0,107.0,104.0,1.25,102.0,102.0,0.0,116.0,103.0,0.0,17.0,0.0
399,98.0,31.0,2.085,117.0,103.0,99.0,118.0,0.085,102.0,102.0,0.0,102.0,103.0,300.0,0.0,0.0
400,98.0,20.75,5.085,121.0,112.0,106.0,118.0,0.29,102.0,102.0,0.0,102.0,103.0,140.0,184.0,0.0
401,98.0,28.92,0.375,117.0,103.0,99.0,118.0,0.29,102.0,102.0,0.0,102.0,103.0,220.0,140.0,0.0
402,97.0,51.92,6.5,117.0,103.0,105.0,196.0,3.085,102.0,102.0,0.0,116.0,103.0,73.0,0.0,0.0
403,97.0,22.67,0.335,117.0,103.0,113.0,118.0,0.75,102.0,102.0,0.0,102.0,115.0,160.0,0.0,0.0
404,98.0,34.0,5.085,121.0,112.0,105.0,196.0,1.085,102.0,102.0,0.0,116.0,103.0,480.0,0.0,0.0
405,97.0,69.5,6.0,117.0,103.0,204.0,204.0,0.0,102.0,102.0,0.0,102.0,115.0,0.0,0.0,0.0
406,97.0,40.33,8.125,121.0,112.0,107.0,118.0,0.165,102.0,116.0,2.0,102.0,103.0,-99999.0,18.0,0.0
407,97.0,19.58,0.665,121.0,112.0,99.0,118.0,1.0,102.0,116.0,1.0,102.0,103.0,2000.0,2.0,0.0
408,98.0,16.0,3.125,117.0,103.0,119.0,118.0,0.085,102.0,116.0,1.0,102.0,103.0,0.0,6.0,0.0
409,98.0,17.08,0.25,117.0,103.0,113.0,118.0,0.335,102.0,116.0,4.0,102.0,103.0,160.0,8.0,0.0
410,98.0,31.25,2.835,117.0,103.0,204.0,204.0,0.0,102.0,116.0,5.0,102.0,103.0,176.0,146.0,0.0
411,98.0,25.17,3.0,117.0,103.0,99.0,118.0,1.25,102.0,116.0,1.0,102.0,103.0,0.0,22.0,0.0
412,97.0,22.67,0.79,117.0,103.0,105.0,118.0,0.085,102.0,102.0,0.0,102.0,103.0,144.0,0.0,0.0
413,98.0,40.58,1.5,117.0,103.0,105.0,196.0,0.0,102.0,102.0,0.0,102.0,115.0,300.0,0.0,0.0
414,98.0,22.25,0.46,117.0,103.0,107.0,118.0,0.125,102.0,102.0,0.0,116.0,103.0,280.0,55.0,0.0
415,97.0,22.25,1.25,121.0,112.0,204.0,204.0,3.25,102.0,102.0,0.0,102.0,103.0,280.0,0.0,0.0
416,98.0,22.5,0.125,121.0,112.0,107.0,118.0,0.125,102.0,102.0,0.0,102.0,103.0,200.0,70.0,0.0
417,98.0,23.58,1.79,117.0,103.0,99.0,118.0,0.54,102.0,102.0,0.0,116.0,103.0,136.0,1.0,0.0
418,98.0,38.42,0.705,117.0,103.0,99.0,118.0,0.375,102.0,116.0,2.0,102.0,103.0,225.0,500.0,0.0
419,97.0,26.58,2.54,121.0,112.0,204.0,204.0,0.0,102.0,102.0,0.0,116.0,103.0,180.0,60.0,0.0
420,98.0,35.0,2.5,117.0,103.0,105.0,118.0,1.0,102.0,102.0,0.0,116.0,103.0,210.0,0.0,0.0
421,98.0,20.42,1.085,117.0,103.0,113.0,118.0,1.5,102.0,102.0,0.0,102.0,103.0,108.0,7.0,0.0
422,98.0,29.42,1.25,117.0,103.0,119.0,118.0,1.75,102.0,102.0,0.0,102.0,103.0,200.0,0.0,0.0
423,98.0,26.17,0.835,117.0,103.0,198.0,118.0,1.165,102.0,102.0,0.0,102.0,103.0,100.0,0.0,0.0
424,98.0,33.67,2.165,117.0,103.0,99.0,118.0,1.5,102.0,102.0,0.0,102.0,112.0,120.0,0.0,0.0
425,98.0,24.58,1.25,117.0,103.0,99.0,118.0,0.25,102.0,102.0,0.0,102.0,103.0,110.0,0.0,0.0
426,97.0,27.67,2.04,117.0,103.0,119.0,118.0,0.25,102.0,102.0,0.0,116.0,103.0,180.0,50.0,0.0
427,98.0,37.5,0.835,117.0,103.0,101.0,118.0,0.04,102.0,102.0,0.0,102.0,103.0,120.0,5.0,0.0
428,98.0,49.17,2.29,117.0,103.0,204.0,204.0,0.29,102.0,102.0,0.0,102.0,103.0,200.0,3.0,0.0
429,98.0,33.58,0.335,121.0,112.0,198.0,118.0,0.085,102.0,102.0,0.0,102.0,103.0,180.0,0.0,0.0
430,98.0,51.83,3.0,121.0,112.0,204.0,204.0,1.5,102.0,102.0,0.0,102.0,103.0,180.0,4.0,0.0
431,98.0,22.92,3.165,121.0,112.0,99.0,118.0,0.165,102.0,102.0,0.0,102.0,103.0,160.0,1058.0,0.0
432,98.0,21.83,1.54,117.0,103.0,107.0,118.0,0.085,102.0,102.0,0.0,116.0,103.0,356.0,0.0,0.0
433,98.0,25.25,1.0,117.0,103.0,194.0,118.0,0.5,102.0,102.0,0.0,102.0,103.0,200.0,0.0,0.0
434,98.0,58.58,2.71,117.0,103.0,99.0,118.0,2.415,102.0,102.0,0.0,116.0,103.0,320.0,0.0,0.0
435,98.0,19.0,0.0,121.0,112.0,204.0,204.0,0.0,102.0,116.0,4.0,102.0,103.0,45.0,1.0,0.0
436,98.0,19.58,0.585,117.0,103.0,204.0,204.0,0.0,102.0,116.0,3.0,102.0,103.0,350.0,769.0,0.0
437,97.0,53.33,0.165,117.0,103.0,204.0,204.0,0.0,102.0,102.0,0.0,116.0,115.0,62.0,27.0,0.0
438,97.0,27.17,1.25,117.0,103.0,204.0,204.0,0.0,102.0,116.0,1.0,102.0,103.0,92.0,300.0,0.0
439,98.0,25.92,0.875,117.0,103.0,107.0,118.0,0.375,102.0,116.0,2.0,116.0,103.0,174.0,3.0,0.0
440,98.0,23.08,0.0,117.0,103.0,107.0,118.0,1.0,102.0,116.0,11.0,102.0,115.0,0.0,0.0,0.0
441,98.0,39.58,5.0,117.0,103.0,204.0,204.0,0.0,102.0,116.0,2.0,102.0,103.0,17.0,1.0,0.0
442,98.0,30.58,2.71,121.0,112.0,109.0,118.0,0.125,102.0,102.0,0.0,116.0,115.0,80.0,0.0,0.0
443,98.0,17.25,3.0,117.0,103.0,107.0,118.0,0.04,102.0,102.0,0.0,116.0,103.0,160.0,40.0,0.0
444,97.0,17.67,0.0,121.0,112.0,106.0,204.0,0.0,102.0,102.0,0.0,102.0,103.0,86.0,0.0,0.0
445,97.0,-99999.0,11.25,117.0,103.0,204.0,204.0,0.0,102.0,102.0,0.0,102.0,103.0,-99999.0,5200.0,0.0
446,98.0,16.5,0.125,117.0,103.0,99.0,118.0,0.165,102.0,102.0,0.0,102.0,103.0,132.0,0.0,0.0
447,97.0,27.33,1.665,117.0,103.0,204.0,204.0,0.0,102.0,102.0,0.0,102.0,103.0,340.0,1.0,0.0
448,98.0,31.25,1.125,117.0,103.0,204.0,204.0,0.0,102.0,116.0,1.0,102.0,103.0,96.0,19.0,0.0
449,98.0,20.0,7.0,117.0,103.0,99.0,118.0,0.5,102.0,102.0,0.0,102.0,103.0,0.0,0.0,0.0
450,98.0,-99999.0,3.0,121.0,112.0,105.0,196.0,7.0,102.0,102.0,0.0,102.0,103.0,0.0,1.0,0.0
451,98.0,39.5,1.625,117.0,103.0,99.0,118.0,1.5,102.0,102.0,0.0,102.0,103.0,0.0,316.0,0.0
452,98.0,36.5,4.25,117.0,103.0,113.0,118.0,3.5,102.0,102.0,0.0,102.0,103.0,454.0,50.0,0.0
453,-99999.0,29.75,0.665,117.0,103.0,119.0,118.0,0.25,102.0,102.0,0.0,116.0,103.0,300.0,0.0,0.0
454,98.0,52.42,1.5,117.0,103.0,100.0,118.0,3.75,102.0,102.0,0.0,116.0,103.0,0.0,350.0,0.0
455,98.0,36.17,18.125,117.0,103.0,119.0,118.0,0.085,102.0,102.0,0.0,102.0,103.0,320.0,3552.0,0.0
456,98.0,34.58,0.0,-99999.0,-99999.0,-99999.0,-99999.0,0.0,102.0,102.0,0.0,102.0,112.0,-99999.0,0.0,0.0
457,98.0,29.67,0.75,121.0,112.0,99.0,118.0,0.04,102.0,102.0,0.0,102.0,103.0,240.0,0.0,0.0
458,98.0,36.17,5.5,117.0,103.0,105.0,196.0,5.0,102.0,102.0,0.0,102.0,103.0,210.0,687.0,0.0
459,98.0,25.67,0.29,121.0,112.0,99.0,118.0,1.5,102.0,102.0,0.0,116.0,103.0,160.0,0.0,0.0
460,97.0,24.5,2.415,121.0,112.0,99.0,118.0,0.0,102.0,102.0,0.0,102.0,103.0,120.0,0.0,0.0
461,98.0,24.08,0.875,117.0,103.0,109.0,118.0,0.085,102.0,116.0,4.0,102.0,103.0,254.0,1950.0,0.0
462,98.0,21.92,0.5,117.0,103.0,99.0,118.0,0.125,102.0,102.0,0.0,102.0,103.0,360.0,0.0,0.0
463,97.0,36.58,0.29,117.0,103.0,204.0,204.0,0.0,102.0,116.0,10.0,102.0,103.0,200.0,18.0,0.0
464,97.0,23.0,1.835,117.0,103.0,106.0,106.0,0.0,102.0,116.0,1.0,102.0,103.0,200.0,53.0,0.0
465,97.0,27.58,3.0,117.0,103.0,109.0,118.0,2.79,102.0,116.0,1.0,116.0,103.0,280.0,10.0,0.0
466,98.0,31.08,3.085,117.0,103.0,99.0,118.0,2.5,102.0,116.0,2.0,116.0,103.0,160.0,41.0,0.0
467,97.0,30.42,1.375,117.0,103.0,119.0,104.0,0.04,102.0,116.0,3.0,102.0,103.0,0.0,33.0,0.0
468,98.0,22.08,2.335,117.0,103.0,107.0,118.0,0.75,102.0,102.0,0.0,102.0,103.0,180.0,0.0,0.0
469,98.0,16.33,4.085,117.0,103.0,105.0,104.0,0.415,102.0,102.0,0.0,116.0,103.0,120.0,0.0,0.0
470,97.0,21.92,11.665,117.0,103.0,107.0,104.0,0.085,102.0,102.0,0.0,102.0,103.0,320.0,5.0,0.0
471,98.0,21.08,4.125,121.0,112.0,105.0,104.0,0.04,102.0,102.0,0.0,102.0,103.0,140.0,100.0,0.0
472,98.0,17.42,6.5,117.0,103.0,105.0,118.0,0.125,102.0,102.0,0.0,102.0,103.0,60.0,100.0,0.0
473,98.0,19.17,4.0,121.0,112.0,105.0,118.0,1.0,102.0,102.0,0.0,116.0,103.0,360.0,1000.0,0.0
474,98.0,20.67,0.415,117.0,103.0,99.0,118.0,0.125,102.0,102.0,0.0,102.0,103.0,0.0,44.0,0.0
475,98.0,26.75,2.0,117.0,103.0,100.0,118.0,0.75,102.0,102.0,0.0,116.0,103.0,80.0,0.0,0.0
476,98.0,23.58,0.835,117.0,103.0,105.0,104.0,0.085,102.0,102.0,0.0,116.0,103.0,220.0,5.0,0.0
477,98.0,39.17,2.5,121.0,112.0,105.0,104.0,10.0,102.0,102.0,0.0,116.0,115.0,200.0,0.0,0.0
478,98.0,22.75,11.5,117.0,103.0,105.0,118.0,0.415,102.0,102.0,0.0,102.0,103.0,0.0,0.0,0.0
479,-99999.0,26.5,2.71,121.0,112.0,-99999.0,-99999.0,0.085,102.0,102.0,0.0,102.0,115.0,80.0,0.0,0.0
480,97.0,16.92,0.5,117.0,103.0,105.0,118.0,0.165,102.0,116.0,6.0,116.0,103.0,240.0,35.0,0.0
481,98.0,23.5,3.165,121.0,112.0,107.0,118.0,0.415,102.0,116.0,1.0,116.0,103.0,280.0,80.0,0.0
482,97.0,17.33,9.5,117.0,103.0,194.0,118.0,1.75,102.0,116.0,10.0,116.0,103.0,0.0,10.0,0.0
483,98.0,23.75,0.415,121.0,112.0,99.0,118.0,0.04,102.0,116.0,2.0,102.0,103.0,128.0,6.0,0.0
484,98.0,34.67,1.08,117.0,103.0,109.0,118.0,1.165,102.0,102.0,0.0,102.0,115.0,28.0,0.0,0.0
485,98.0,74.83,19.0,121.0,112.0,204.0,204.0,0.04,102.0,116.0,2.0,102.0,103.0,0.0,351.0,0.0
486,98.0,28.17,0.125,121.0,112.0,107.0,118.0,0.085,102.0,102.0,0.0,102.0,103.0,216.0,2100.0,0.0
487,98.0,24.5,13.335,121.0,112.0,194.0,118.0,0.04,102.0,102.0,0.0,116.0,103.0,120.0,475.0,0.0
488,98.0,18.83,3.54,121.0,112.0,204.0,204.0,0.0,102.0,102.0,0.0,116.0,103.0,180.0,1.0,0.0
489,-99999.0,45.33,1.0,117.0,103.0,113.0,118.0,0.125,102.0,102.0,0.0,116.0,103.0,263.0,0.0,0.0
490,97.0,47.25,0.75,117.0,103.0,113.0,104.0,2.75,116.0,116.0,1.0,102.0,103.0,333.0,892.0,1.0
491,98.0,24.17,0.875,117.0,103.0,113.0,118.0,4.625,116.0,116.0,2.0,116.0,103.0,520.0,2000.0,1.0
492,98.0,39.25,9.5,117.0,103.0,109.0,118.0,6.5,116.0,116.0,14.0,102.0,103.0,240.0,4607.0,1.0
493,97.0,20.5,11.835,117.0,103.0,99.0,104.0,6.0,116.0,102.0,0.0,102.0,103.0,340.0,0.0,1.0
494,97.0,18.83,4.415,121.0,112.0,99.0,104.0,3.0,116.0,102.0,0.0,102.0,103.0,240.0,0.0,1.0
495,98.0,19.17,9.5,117.0,103.0,119.0,118.0,1.5,116.0,102.0,0.0,102.0,103.0,120.0,2206.0,1.0
496,97.0,25.0,0.875,117.0,103.0,120.0,104.0,1.04,116.0,102.0,0.0,116.0,103.0,160.0,5860.0,1.0
497,98.0,20.17,9.25,117.0,103.0,99.0,118.0,1.665,116.0,116.0,3.0,116.0,103.0,40.0,28.0,1.0
498,98.0,25.75,0.5,117.0,103.0,99.0,118.0,1.46,116.0,116.0,5.0,116.0,103.0,312.0,0.0,1.0
499,98.0,20.42,7.0,117.0,103.0,99.0,118.0,1.625,116.0,116.0,3.0,102.0,103.0,200.0,1391.0,1.0
500,98.0,-99999.0,4.0,117.0,103.0,120.0,118.0,5.0,116.0,116.0,3.0,116.0,103.0,290.0,2279.0,1.0
501,98.0,39.0,5.0,117.0,103.0,198.0,118.0,3.5,116.0,116.0,10.0,116.0,103.0,0.0,0.0,1.0
502,97.0,64.08,0.165,117.0,103.0,204.0,204.0,0.0,116.0,116.0,1.0,102.0,103.0,232.0,100.0,1.0
503,98.0,28.25,5.125,117.0,103.0,120.0,118.0,4.75,116.0,116.0,2.0,102.0,103.0,420.0,7.0,1.0
504,97.0,28.75,3.75,117.0,103.0,99.0,118.0,1.085,116.0,116.0,1.0,116.0,103.0,371.0,0.0,1.0
505,98.0,31.33,19.5,117.0,103.0,99.0,118.0,7.0,116.0,116.0,16.0,102.0,103.0,0.0,5000.0,1.0
506,97.0,18.92,9.0,117.0,103.0,194.0,118.0,0.75,116.0,116.0,2.0,102.0,103.0,88.0,591.0,1.0
507,97.0,24.75,3.0,117.0,103.0,113.0,104.0,1.835,116.0,116.0,19.0,102.0,103.0,0.0,500.0,1.0
508,97.0,30.67,12.0,117.0,103.0,99.0,118.0,2.0,116.0,116.0,1.0,102.0,103.0,220.0,19.0,1.0
509,98.0,21.0,4.79,121.0,112.0,119.0,118.0,2.25,116.0,116.0,1.0,116.0,103.0,80.0,300.0,1.0
510,98.0,13.75,4.0,121.0,112.0,119.0,118.0,1.75,116.0,116.0,2.0,116.0,103.0,120.0,1000.0,1.0
511,97.0,46.0,4.0,117.0,103.0,106.0,106.0,0.0,116.0,102.0,0.0,102.0,103.0,100.0,960.0,1.0
512,97.0,44.33,0.0,117.0,103.0,99.0,118.0,2.5,116.0,102.0,0.0,102.0,103.0,0.0,0.0,1.0
513,98.0,20.25,9.96,117.0,103.0,101.0,200.0,0.0,116.0,102.0,0.0,102.0,103.0,0.0,0.0,1.0
514,98.0,22.67,2.54,121.0,112.0,99.0,104.0,2.585,116.0,102.0,0.0,102.0,103.0,0.0,0.0,1.0
515,98.0,-99999.0,10.5,117.0,103.0,120.0,118.0,6.5,116.0,102.0,0.0,102.0,103.0,0.0,0.0,1.0
516,97.0,60.92,5.0,117.0,103.0,194.0,118.0,4.0,116.0,116.0,4.0,102.0,103.0,0.0,99.0,1.0
517,98.0,16.08,0.75,117.0,103.0,99.0,118.0,1.75,116.0,116.0,5.0,116.0,103.0,352.0,690.0,1.0
518,97.0,28.17,0.375,117.0,103.0,113.0,118.0,0.585,116.0,116.0,4.0,102.0,103.0,80.0,0.0,1.0
519,98.0,39.17,1.71,117.0,103.0,120.0,118.0,0.125,116.0,116.0,5.0,116.0,103.0,480.0,0.0,1.0
520,-99999.0,20.42,7.5,117.0,103.0,107.0,118.0,1.5,116.0,116.0,1.0,102.0,103.0,160.0,234.0,1.0
521,97.0,30.0,5.29,117.0,103.0,101.0,200.0,2.25,116.0,116.0,5.0,116.0,103.0,99.0,500.0,1.0
522,98.0,22.83,3.0,117.0,103.0,109.0,118.0,1.29,116.0,116.0,1.0,102.0,103.0,260.0,800.0,1.0
523,97.0,22.5,8.5,117.0,103.0,113.0,118.0,1.75,116.0,116.0,10.0,102.0,103.0,80.0,990.0,0.0
524,97.0,28.58,1.665,117.0,103.0,113.0,118.0,2.415,116.0,102.0,0.0,116.0,103.0,440.0,0.0,0.0
525,98.0,45.17,1.5,117.0,103.0,99.0,118.0,2.5,116.0,102.0,0.0,116.0,103.0,140.0,0.0,0.0
526,98.0,41.58,1.75,117.0,103.0,107.0,118.0,0.21,116.0,102.0,0.0,102.0,103.0,160.0,0.0,0.0
527,97.0,57.08,0.335,117.0,103.0,105.0,196.0,1.0,116.0,102.0,0.0,116.0,103.0,252.0,2197.0,0.0
528,97.0,55.75,7.08,117.0,103.0,107.0,104.0,6.75,116.0,116.0,3.0,116.0,103.0,100.0,50.0,0.0
529,98.0,43.25,25.21,117.0,103.0,113.0,104.0,0.21,116.0,116.0,1.0,102.0,103.0,760.0,90.0,0.0
530,97.0,25.33,2.085,117.0,103.0,99.0,104.0,2.75,116.0,102.0,0.0,116.0,103.0,360.0,1.0,0.0
531,97.0,24.58,0.67,117.0,103.0,194.0,104.0,1.75,116.0,102.0,0.0,102.0,103.0,400.0,0.0,0.0
532,98.0,43.17,2.25,117.0,103.0,105.0,196.0,0.75,116.0,102.0,0.0,102.0,103.0,560.0,0.0,0.0
533,98.0,40.92,0.835,117.0,103.0,204.0,204.0,0.0,116.0,102.0,0.0,102.0,103.0,130.0,1.0,0.0
534,98.0,31.83,2.5,117.0,103.0,194.0,118.0,7.5,116.0,102.0,0.0,116.0,103.0,523.0,0.0,0.0
535,97.0,33.92,1.585,121.0,112.0,204.0,204.0,0.0,116.0,102.0,0.0,102.0,103.0,320.0,0.0,0.0
536,97.0,24.92,1.25,117.0,103.0,204.0,204.0,0.0,116.0,102.0,0.0,102.0,103.0,80.0,0.0,0.0
537,98.0,35.25,3.165,117.0,103.0,120.0,104.0,3.75,116.0,102.0,0.0,116.0,103.0,680.0,0.0,0.0
538,98.0,34.25,1.75,117.0,103.0,119.0,196.0,0.25,116.0,102.0,0.0,116.0,103.0,163.0,0.0,0.0
539,98.0,80.25,5.5,117.0,103.0,-99999.0,-99999.0,0.54,116.0,102.0,0.0,102.0,103.0,0.0,340.0,0.0
540,98.0,19.42,1.5,121.0,112.0,198.0,118.0,2.0,116.0,102.0,0.0,116.0,103.0,100.0,20.0,0.0
541,98.0,42.75,3.0,117.0,103.0,105.0,196.0,1.0,116.0,102.0,0.0,102.0,103.0,0.0,200.0,0.0
542,98.0,19.67,10.0,121.0,112.0,107.0,104.0,0.835,116.0,102.0,0.0,116.0,103.0,140.0,0.0,0.0
543,98.0,36.33,3.79,117.0,103.0,119.0,118.0,1.165,116.0,102.0,0.0,116.0,103.0,200.0,0.0,0.0
544,98.0,30.08,1.04,121.0,112.0,105.0,196.0,0.5,116.0,116.0,10.0,116.0,103.0,132.0,28.0,0.0
545,98.0,44.25,11.0,121.0,112.0,100.0,118.0,1.5,116.0,102.0,0.0,102.0,115.0,0.0,0.0,0.0
546,98.0,23.58,0.46,121.0,112.0,119.0,118.0,2.625,116.0,116.0,6.0,116.0,103.0,208.0,347.0,0.0
547,98.0,23.92,1.5,117.0,103.0,100.0,104.0,1.875,116.0,116.0,6.0,102.0,103.0,200.0,327.0,1.0
548,98.0,33.17,1.0,117.0,103.0,120.0,118.0,0.75,116.0,116.0,7.0,116.0,103.0,340.0,4071.0,1.0
549,98.0,48.33,12.0,117.0,103.0,109.0,118.0,16.0,116.0,102.0,0.0,102.0,115.0,110.0,0.0,1.0
550,98.0,76.75,22.29,117.0,103.0,101.0,122.0,12.75,116.0,116.0,1.0,116.0,103.0,0.0,109.0,1.0
551,98.0,51.33,10.0,117.0,103.0,105.0,196.0,0.0,116.0,116.0,11.0,102.0,103.0,0.0,1249.0,1.0
552,98.0,34.75,15.0,117.0,103.0,114.0,110.0,5.375,116.0,116.0,9.0,116.0,103.0,0.0,134.0,1.0
553,98.0,38.58,3.335,117.0,103.0,119.0,118.0,4.0,116.0,116.0,14.0,102.0,103.0,383.0,1344.0,1.0
554,97.0,22.42,11.25,121.0,112.0,120.0,104.0,0.75,116.0,116.0,4.0,102.0,103.0,0.0,321.0,1.0
555,98.0,41.92,0.42,117.0,103.0,99.0,104.0,0.21,116.0,116.0,6.0,102.0,103.0,220.0,948.0,1.0
556,98.0,29.58,4.5,117.0,103.0,119.0,118.0,7.5,116.0,116.0,2.0,116.0,103.0,330.0,0.0,1.0
557,97.0,32.17,1.46,117.0,103.0,119.0,118.0,1.085,116.0,116.0,16.0,102.0,103.0,120.0,2079.0,1.0
558,98.0,51.42,0.04,117.0,103.0,120.0,104.0,0.04,116.0,102.0,0.0,102.0,103.0,0.0,3000.0,1.0
559,97.0,22.83,2.29,117.0,103.0,113.0,104.0,2.29,116.0,116.0,7.0,116.0,103.0,140.0,2384.0,1.0
560,97.0,25.0,12.33,117.0,103.0,198.0,104.0,3.5,116.0,116.0,6.0,102.0,103.0,400.0,458.0,1.0
561,98.0,26.75,1.125,117.0,103.0,120.0,104.0,1.25,116.0,102.0,0.0,102.0,103.0,0.0,5298.0,1.0
562,98.0,23.33,1.5,117.0,103.0,99.0,104.0,1.415,116.0,102.0,0.0,102.0,103.0,422.0,200.0,1.0
563,98.0,24.42,12.335,117.0,103.0,113.0,104.0,1.585,116.0,102.0,0.0,116.0,103.0,120.0,0.0,1.0
564,98.0,42.17,5.04,117.0,103.0,113.0,104.0,12.75,116.0,102.0,0.0,116.0,103.0,92.0,0.0,1.0
565,97.0,20.83,3.0,117.0,103.0,194.0,118.0,0.04,116.0,102.0,0.0,102.0,103.0,100.0,0.0,1.0
566,98.0,23.08,11.5,117.0,103.0,119.0,104.0,2.125,116.0,116.0,11.0,116.0,103.0,290.0,284.0,1.0
567,97.0,25.17,2.875,117.0,103.0,120.0,104.0,0.875,116.0,102.0,0.0,102.0,103.0,360.0,0.0,1.0
568,98.0,43.08,0.375,121.0,112.0,99.0,118.0,0.375,116.0,116.0,8.0,116.0,103.0,300.0,162.0,1.0
569,97.0,35.75,0.915,117.0,103.0,194.0,118.0,0.75,116.0,116.0,4.0,102.0,103.0,0.0,1583.0,1.0
570,98.0,59.5,2.75,117.0,103.0,119.0,118.0,1.75,116.0,116.0,5.0,116.0,103.0,60.0,58.0,1.0
571,98.0,21.0,3.0,121.0,112.0,100.0,118.0,1.085,116.0,116.0,8.0,116.0,103.0,160.0,1.0,1.0
572,98.0,21.92,0.54,121.0,112.0,120.0,118.0,0.04,116.0,116.0,1.0,116.0,103.0,840.0,59.0,1.0
573,97.0,65.17,14.0,117.0,103.0,204.0,204.0,0.0,116.0,116.0,11.0,116.0,103.0,0.0,1400.0,1.0
574,97.0,20.33,10.0,117.0,103.0,99.0,104.0,1.0,116.0,116.0,4.0,102.0,103.0,50.0,1465.0,1.0
575,98.0,32.25,0.165,121.0,112.0,99.0,104.0,3.25,116.0,116.0,1.0,116.0,103.0,432.0,8000.0,1.0
576,98.0,30.17,0.5,117.0,103.0,99.0,118.0,1.75,116.0,116.0,11.0,102.0,103.0,32.0,540.0,1.0
577,98.0,25.17,6.0,117.0,103.0,99.0,118.0,1.0,116.0,116.0,3.0,102.0,103.0,0.0,0.0,1.0
578,98.0,39.17,1.625,117.0,103.0,99.0,118.0,1.5,116.0,116.0,10.0,102.0,103.0,186.0,4700.0,1.0
579,98.0,39.08,6.0,117.0,103.0,109.0,118.0,1.29,116.0,116.0,5.0,116.0,103.0,108.0,1097.0,1.0
580,98.0,31.67,0.83,117.0,103.0,120.0,118.0,1.335,116.0,116.0,8.0,116.0,103.0,303.0,3290.0,1.0
581,98.0,41.0,0.04,117.0,103.0,101.0,118.0,0.04,102.0,116.0,1.0,102.0,115.0,560.0,0.0,1.0
582,98.0,48.5,4.25,117.0,103.0,109.0,118.0,0.125,116.0,102.0,0.0,116.0,103.0,225.0,0.0,1.0
583,98.0,32.67,9.0,121.0,112.0,119.0,104.0,5.25,116.0,102.0,0.0,116.0,103.0,154.0,0.0,1.0
584,97.0,28.08,15.0,121.0,112.0,101.0,122.0,0.0,116.0,102.0,0.0,102.0,103.0,0.0,13212.0,1.0
585,98.0,73.42,17.75,117.0,103.0,204.0,204.0,0.0,116.0,102.0,0.0,116.0,103.0,0.0,0.0,1.0
586,98.0,64.08,20.0,117.0,103.0,120.0,104.0,17.5,116.0,116.0,9.0,116.0,103.0,0.0,1000.0,1.0
587,98.0,51.58,15.0,117.0,103.0,99.0,118.0,8.5,116.0,116.0,9.0,102.0,103.0,0.0,0.0,1.0
588,98.0,26.67,1.75,121.0,112.0,99.0,118.0,1.0,116.0,116.0,5.0,116.0,103.0,160.0,5777.0,1.0
589,98.0,25.33,0.58,117.0,103.0,99.0,118.0,0.29,116.0,116.0,7.0,116.0,103.0,96.0,5124.0,1.0
590,98.0,30.17,6.5,117.0,103.0,198.0,118.0,3.125,116.0,116.0,8.0,102.0,103.0,330.0,1200.0,1.0
591,98.0,27.0,0.75,117.0,103.0,99.0,104.0,4.25,116.0,116.0,3.0,116.0,103.0,312.0,150.0,1.0
592,98.0,23.17,0.0,-99999.0,-99999.0,-99999.0,-99999.0,0.0,102.0,102.0,0.0,102.0,112.0,-99999.0,0.0,1.0
593,98.0,34.17,5.25,117.0,103.0,119.0,118.0,0.085,102.0,102.0,0.0,116.0,103.0,290.0,6.0,1.0
594,98.0,38.67,0.21,117.0,103.0,107.0,118.0,0.085,116.0,102.0,0.0,116.0,103.0,280.0,0.0,1.0
595,98.0,25.75,0.75,117.0,103.0,99.0,196.0,0.25,116.0,102.0,0.0,102.0,103.0,349.0,23.0,1.0
596,97.0,46.08,3.0,117.0,103.0,99.0,118.0,2.375,116.0,116.0,8.0,116.0,103.0,396.0,4159.0,1.0
597,97.0,21.5,6.0,117.0,103.0,194.0,118.0,2.5,116.0,116.0,3.0,102.0,103.0,80.0,918.0,1.0
598,-99999.0,20.08,0.125,117.0,103.0,113.0,118.0,1.0,102.0,116.0,1.0,102.0,103.0,240.0,768.0,1.0
599,98.0,20.5,2.415,117.0,103.0,99.0,118.0,2.0,116.0,116.0,11.0,116.0,103.0,200.0,3000.0,1.0
600,97.0,29.5,0.46,117.0,103.0,107.0,118.0,0.54,116.0,116.0,4.0,102.0,103.0,380.0,500.0,1.0
601,-99999.0,42.25,1.75,121.0,112.0,-99999.0,-99999.0,0.0,102.0,102.0,0.0,116.0,103.0,150.0,1.0,0.0
602,98.0,29.83,1.25,121.0,112.0,107.0,118.0,0.25,102.0,102.0,0.0,102.0,103.0,224.0,0.0,0.0
603,98.0,20.08,0.25,117.0,103.0,113.0,118.0,0.125,102.0,102.0,0.0,102.0,103.0,200.0,0.0,0.0
604,98.0,23.42,0.585,117.0,103.0,99.0,104.0,0.085,116.0,102.0,0.0,102.0,103.0,180.0,0.0,0.0
605,97.0,29.58,1.75,121.0,112.0,107.0,118.0,1.25,102.0,102.0,0.0,116.0,103.0,280.0,0.0,0.0
606,98.0,16.17,0.04,117.0,103.0,99.0,118.0,0.04,102.0,102.0,0.0,102.0,103.0,0.0,0.0,1.0
607,98.0,32.33,3.5,117.0,103.0,107.0,118.0,0.5,102.0,102.0,0.0,116.0,103.0,232.0,0.0,0.0
608,98.0,-99999.0,0.04,121.0,112.0,100.0,118.0,4.25,102.0,102.0,0.0,116.0,103.0,460.0,0.0,0.0
609,98.0,47.83,4.165,117.0,103.0,120.0,196.0,0.085,102.0,102.0,0.0,116.0,103.0,520.0,0.0,0.0
610,98.0,20.0,1.25,121.0,112.0,107.0,118.0,0.125,102.0,102.0,0.0,102.0,103.0,140.0,4.0,0.0
611,98.0,27.58,3.25,121.0,112.0,113.0,104.0,5.085,102.0,116.0,2.0,116.0,103.0,369.0,1.0,0.0
612,98.0,22.0,0.79,117.0,103.0,119.0,118.0,0.29,102.0,116.0,1.0,102.0,103.0,420.0,283.0,0.0
613,98.0,19.33,10.915,117.0,103.0,99.0,196.0,0.585,102.0,116.0,2.0,116.0,103.0,200.0,7.0,0.0
614,97.0,38.33,4.415,117.0,103.0,99.0,118.0,0.125,102.0,102.0,0.0,102.0,103.0,160.0,0.0,0.0
615,98.0,29.42,1.25,117.0,103.0,99.0,104.0,0.25,102.0,116.0,2.0,116.0,103.0,400.0,108.0,0.0
616,98.0,22.67,0.75,117.0,103.0,105.0,118.0,1.585,102.0,116.0,1.0,116.0,103.0,400.0,9.0,0.0
617,98.0,32.25,14.0,121.0,112.0,204.0,204.0,0.0,102.0,116.0,2.0,102.0,103.0,160.0,1.0,0.0
618,98.0,29.58,4.75,117.0,103.0,109.0,118.0,2.0,102.0,116.0,1.0,116.0,103.0,460.0,68.0,0.0
619,98.0,18.42,10.415,121.0,112.0,194.0,118.0,0.125,116.0,102.0,0.0,102.0,103.0,120.0,375.0,0.0
620,98.0,22.17,2.25,117.0,103.0,105.0,118.0,0.125,102.0,102.0,0.0,102.0,103.0,160.0,10.0,0.0
621,98.0,22.67,0.165,117.0,103.0,99.0,106.0,2.25,102.0,102.0,0.0,116.0,115.0,0.0,0.0,1.0
622,97.0,25.58,0.0,-99999.0,-99999.0,-99999.0,-99999.0,0.0,102.0,102.0,0.0,102.0,112.0,-99999.0,0.0,1.0
623,98.0,18.83,0.0,117.0,103.0,113.0,118.0,0.665,102.0,102.0,0.0,102.0,103.0,160.0,1.0,0.0
624,98.0,21.58,0.79,121.0,112.0,198.0,118.0,0.665,102.0,102.0,0.0,102.0,103.0,160.0,0.0,0.0
625,98.0,23.75,12.0,117.0,103.0,99.0,118.0,2.085,102.0,102.0,0.0,102.0,115.0,80.0,0.0,0.0
626,98.0,22.0,7.835,121.0,112.0,105.0,196.0,0.165,102.0,102.0,0.0,116.0,103.0,-99999.0,0.0,0.0
627,98.0,36.08,2.54,117.0,103.0,204.0,204.0,0.0,102.0,102.0,0.0,102.0,103.0,0.0,1000.0,0.0
628,98.0,29.25,13.0,117.0,103.0,100.0,104.0,0.5,102.0,102.0,0.0,102.0,103.0,228.0,0.0,0.0
629,97.0,19.58,0.665,117.0,103.0,119.0,118.0,1.665,102.0,102.0,0.0,102.0,103.0,220.0,5.0,0.0
630,97.0,22.92,1.25,117.0,103.0,113.0,118.0,0.25,102.0,102.0,0.0,116.0,103.0,120.0,809.0,0.0
631,97.0,27.25,0.29,117.0,103.0,109.0,104.0,0.125,102.0,116.0,1.0,116.0,103.0,272.0,108.0,0.0
632,97.0,38.75,1.5,117.0,103.0,204.0,204.0,0.0,102.0,102.0,0.0,102.0,103.0,76.0,0.0,0.0
633,98.0,32.42,2.165,121.0,112.0,107.0,204.0,0.0,102.0,102.0,0.0,102.0,103.0,120.0,0.0,0.0
634,97.0,23.75,0.71,117.0,103.0,119.0,118.0,0.25,102.0,116.0,1.0,116.0,103.0,240.0,4.0,0.0
635,98.0,18.17,2.46,117.0,103.0,99.0,110.0,0.96,102.0,116.0,2.0,116.0,103.0,160.0,587.0,0.0
636,98.0,40.92,0.5,121.0,112.0,109.0,118.0,0.5,102.0,102.0,0.0,116.0,103.0,130.0,0.0,0.0
637,98.0,19.5,9.585,117.0,103.0,194.0,118.0,0.79,102.0,102.0,0.0,102.0,103.0,80.0,350.0,0.0
638,98.0,28.58,3.625,117.0,103.0,194.0,118.0,0.25,102.0,102.0,0.0,116.0,103.0,100.0,0.0,0.0
639,98.0,35.58,0.75,117.0,103.0,107.0,118.0,1.5,102.0,102.0,0.0,116.0,103.0,231.0,0.0,0.0
640,98.0,34.17,2.75,117.0,103.0,105.0,196.0,2.5,102.0,102.0,0.0,116.0,103.0,232.0,200.0,0.0
641,-99999.0,33.17,2.25,121.0,112.0,198.0,118.0,3.5,102.0,102.0,0.0,116.0,103.0,200.0,141.0,0.0
642,98.0,31.58,0.75,121.0,112.0,194.0,118.0,3.5,102.0,102.0,0.0,116.0,103.0,320.0,0.0,0.0
643,97.0,52.5,7.0,117.0,103.0,194.0,104.0,3.0,102.0,102.0,0.0,102.0,103.0,0.0,0.0,0.0
644,98.0,36.17,0.42,121.0,112.0,119.0,118.0,0.29,102.0,102.0,0.0,116.0,103.0,309.0,2.0,0.0
645,98.0,37.33,2.665,117.0,103.0,198.0,118.0,0.165,102.0,102.0,0.0,116.0,103.0,0.0,501.0,0.0
646,97.0,20.83,8.5,117.0,103.0,99.0,118.0,0.165,102.0,102.0,0.0,102.0,103.0,0.0,351.0,0.0
647,98.0,24.08,9.0,117.0,103.0,194.0,118.0,0.25,102.0,102.0,0.0,116.0,103.0,0.0,0.0,0.0
648,98.0,25.58,0.335,117.0,103.0,107.0,104.0,3.5,102.0,102.0,0.0,116.0,103.0,340.0,0.0,0.0
649,97.0,35.17,3.75,117.0,103.0,204.0,204.0,0.0,102.0,116.0,6.0,102.0,103.0,0.0,200.0,0.0
650,98.0,48.08,3.75,117.0,103.0,105.0,196.0,1.0,102.0,102.0,0.0,102.0,103.0,100.0,2.0,0.0
651,97.0,15.83,7.625,117.0,103.0,113.0,118.0,0.125,102.0,116.0,1.0,116.0,103.0,0.0,160.0,0.0
652,97.0,22.5,0.415,117.0,103.0,105.0,118.0,0.335,102.0,102.0,0.0,116.0,115.0,144.0,0.0,0.0
653,98.0,21.5,11.5,117.0,103.0,105.0,118.0,0.5,116.0,102.0,0.0,116.0,103.0,100.0,68.0,0.0
654,97.0,23.58,0.83,117.0,103.0,113.0,118.0,0.415,102.0,116.0,1.0,116.0,103.0,200.0,11.0,0.0
655,97.0,21.08,5.0,121.0,112.0,204.0,204.0,0.0,102.0,102.0,0.0,102.0,103.0,0.0,0.0,0.0
656,98.0,25.67,3.25,117.0,103.0,99.0,104.0,2.29,102.0,116.0,1.0,116.0,103.0,416.0,21.0,0.0
657,97.0,38.92,1.665,117.0,103.0,194.0,118.0,0.25,102.0,102.0,0.0,102.0,103.0,0.0,390.0,0.0
658,97.0,15.75,0.375,117.0,103.0,99.0,118.0,1.0,102.0,102.0,0.0,102.0,103.0,120.0,18.0,0.0
659,97.0,28.58,3.75,117.0,103.0,99.0,118.0,0.25,102.0,116.0,1.0,116.0,103.0,40.0,154.0,0.0
660,98.0,22.25,9.0,117.0,103.0,194.0,118.0,0.085,102.0,102.0,0.0,102.0,103.0,0.0,0.0,0.0
661,98.0,29.83,3.5,117.0,103.0,99.0,118.0,0.165,102.0,102.0,0.0,102.0,103.0,216.0,0.0,0.0
662,97.0,23.5,1.5,117.0,103.0,119.0,118.0,0.875,102.0,102.0,0.0,116.0,103.0,160.0,0.0,0.0
663,98.0,32.08,4.0,121.0,112.0,198.0,118.0,1.5,102.0,102.0,0.0,116.0,103.0,120.0,0.0,0.0
664,98.0,31.08,1.5,121.0,112.0,119.0,118.0,0.04,102.0,102.0,0.0,102.0,115.0,160.0,0.0,0.0
665,98.0,31.83,0.04,121.0,112.0,109.0,118.0,0.04,102.0,102.0,0.0,102.0,103.0,0.0,0.0,0.0
666,97.0,21.75,11.75,117.0,103.0,99.0,118.0,0.25,102.0,102.0,0.0,116.0,103.0,180.0,0.0,0.0
667,97.0,17.92,0.54,117.0,103.0,99.0,118.0,1.75,102.0,116.0,1.0,116.0,103.0,80.0,5.0,0.0
668,98.0,30.33,0.5,117.0,103.0,100.0,104.0,0.085,102.0,102.0,0.0,116.0,115.0,252.0,0.0,0.0
669,98.0,51.83,2.04,121.0,112.0,204.0,204.0,1.5,102.0,102.0,0.0,102.0,103.0,120.0,1.0,0.0
670,98.0,47.17,5.835,117.0,103.0,119.0,118.0,5.5,102.0,102.0,0.0,102.0,103.0,465.0,150.0,0.0
671,98.0,25.83,12.835,117.0,103.0,198.0,118.0,0.5,102.0,102.0,0.0,102.0,103.0,0.0,2.0,0.0
672,97.0,50.25,0.835,117.0,103.0,194.0,118.0,0.5,102.0,102.0,0.0,116.0,103.0,240.0,117.0,0.0
673,-99999.0,29.5,2.0,121.0,112.0,101.0,104.0,2.0,102.0,102.0,0.0,102.0,103.0,256.0,17.0,0.0
674,97.0,37.33,2.5,117.0,103.0,105.0,104.0,0.21,102.0,102.0,0.0,102.0,103.0,260.0,246.0,0.0
675,97.0,41.58,1.04,117.0,103.0,194.0,118.0,0.665,102.0,102.0,0.0,102.0,103.0,240.0,237.0,0.0
676,97.0,30.58,10.665,117.0,103.0,113.0,104.0,0.085,102.0,116.0,12.0,116.0,103.0,129.0,3.0,0.0
677,98.0,19.42,7.25,117.0,103.0,109.0,118.0,0.04,102.0,116.0,1.0,102.0,103.0,100.0,1.0,0.0
678,97.0,17.92,10.21,117.0,103.0,204.0,204.0,0.0,102.0,102.0,0.0,102.0,103.0,0.0,50.0,0.0
679,97.0,20.08,1.25,117.0,103.0,99.0,118.0,0.0,102.0,102.0,0.0,102.0,103.0,0.0,0.0,0.0
680,98.0,19.5,0.29,117.0,103.0,107.0,118.0,0.29,102.0,102.0,0.0,102.0,103.0,280.0,364.0,0.0
681,98.0,27.83,1.0,121.0,112.0,100.0,104.0,3.0,102.0,102.0,0.0,102.0,103.0,176.0,537.0,0.0
682,98.0,17.08,3.29,117.0,103.0,105.0,118.0,0.335,102.0,102.0,0.0,116.0,103.0,140.0,2.0,0.0
683,98.0,36.42,0.75,121.0,112.0,100.0,118.0,0.585,102.0,102.0,0.0,102.0,103.0,240.0,3.0,0.0
684,98.0,40.58,3.29,117.0,103.0,109.0,118.0,3.5,102.0,102.0,0.0,116.0,115.0,400.0,0.0,0.0
685,98.0,21.08,10.085,121.0,112.0,101.0,104.0,1.25,102.0,102.0,0.0,102.0,103.0,260.0,0.0,0.0
686,97.0,22.67,0.75,117.0,103.0,99.0,118.0,2.0,102.0,116.0,2.0,116.0,103.0,200.0,394.0,0.0
687,97.0,25.25,13.5,121.0,112.0,204.0,204.0,2.0,102.0,116.0,1.0,116.0,103.0,200.0,1.0,0.0
688,98.0,17.92,0.205,117.0,103.0,194.0,118.0,0.04,102.0,102.0,0.0,102.0,103.0,280.0,750.0,0.0
689,98.0,35.0,3.375,117.0,103.0,99.0,104.0,8.29,102.0,102.0,0.0,116.0,103.0,0.0,0.0,0.0
